,name,time,user
0,폭스 맥클라우드/스매시브라더스 시리즈,2019-01-25 12:09:55,185.70.187.187
1,인하대학교/학부,2019-01-25 12:09:54,121.139.85.154
2,테루미 메이,2019-01-25 12:09:50,182.225.94.140
3,솔럭스 캡터,2019-01-25 12:09:49,125.140.157.135
4,던전 크롤/카드,2019-01-25 12:09:48,sdynet
5,라 비온다,2019-01-25 12:09:46,222.96.64.182
6,기니 축구 국가대표팀,2019-01-25 12:09:28,1.247.43.184
7,노지마 켄지,2019-01-25 12:09:25,oriole07
8,어쌔신 크리드: 로그,2019-01-25 12:09:24,DSFSW
9,채소,2019-01-25 12:09:14,ashdiYs
10,서울 강서구 아파트 살인사건,2019-01-25 12:09:13,aleph
11,발진열,2019-01-25 12:09:12,61.81.95.190
12,2019년 베네수엘라 정치 위기,2019-01-25 12:09:00,106.249.44.10
13,캔디 크러쉬 사가/게임 요소,2019-01-25 12:08:55,113.131.19.162
14,슈퍼주니어-M/음반 목록,2019-01-25 12:08:49,sam133132
15,배너,2019-01-25 12:08:43,61.81.95.190
16,문재인,2019-01-25 12:08:43,agentI
17,따릉이/대여소 목록,2019-01-25 12:08:37,leuchten
18,나무위키:프로젝트/자동차/작성해야 할 문서 및 성과,2019-01-25 12:08:36,yeong77744
19,학교에 관련된 괴담,2019-01-25 12:08:33,Kenenohoshi
20,유한책임회사,2019-01-25 12:08:32,61.248.224.16
21,2019년 베네수엘라 정치 위기,2019-01-25 12:08:28,106.249.44.10
22,선호산,2019-01-25 12:08:22,barcodekiller
23,배철현,2019-01-25 12:08:18,61.81.95.190
24,2019년 베네수엘라 정치 위기,2019-01-25 12:07:59,221.151.251.185
25,루시아(인터넷 방송인),2019-01-25 12:07:57,dygpublic
26,김윤재(프로게이머),2019-01-25 12:07:55,barcodekiller
27,어드밴스 소환,2019-01-25 12:07:54,218.146.81.2
28,타브로스 니트람,2019-01-25 12:07:54,125.140.157.135
29,EZ2AC : NIGHT TRAVELER/14키 코스,2019-01-25 12:07:52,124.197.144.176
30,미우라 히로아키,2019-01-25 12:07:49,oriole07
31,2019년 베네수엘라 정치 위기,2019-01-25 12:07:47,106.249.44.10
32,르노 알래스칸,2019-01-25 12:07:45,yeong77744
33,발바롯사,2019-01-25 12:07:38,61.81.95.190
34,올가 알렉산드로브나,2019-01-25 12:07:33,rosemary0151
35,진 세이파츠,2019-01-25 12:07:32,youngbin713
36,유한책임회사,2019-01-25 12:07:32,61.248.224.16
37,2019년 베네수엘라 정치 위기,2019-01-25 12:07:23,221.151.251.185
38,요시(마리오 시리즈)/스매시브라더스 시리즈,2019-01-25 12:07:13,185.70.187.187
39,대구구지초등학교,2019-01-25 12:07:02,mawin
40,던전 크롤/카드,2019-01-25 12:07:01,sdynet
41,2019 AFC 아시안컵 아랍에미리트/8강,2019-01-25 12:07:00,Area1
42,오버워치 환상의 겨울나라 2016,2019-01-25 12:06:55,KIRI
43,짐승의 길,2019-01-25 12:06:55,omega4504
44,약한 것은 죄악,2019-01-25 12:06:45,dark2000
45,파일:알래스칸 후면.png,2019-01-25 12:06:44,yeong77744
46,던전 크롤/카드,2019-01-25 12:06:44,sdynet
47,오버워치 하계 스포츠 대회 2016,2019-01-25 12:06:42,KIRI
48,블루위키,2019-01-25 12:06:42,58.234.231.234
49,아수라 남작,2019-01-25 12:06:41,121.144.244.113
50,선호산,2019-01-25 12:06:38,barcodekiller
51,카탄,2019-01-25 12:06:36,cwp0315
52,스타 KO,2019-01-25 12:06:32,185.70.187.187
53,오버워치 하계 스포츠 대회 2016,2019-01-25 12:06:27,KIRI
54,오버워치 하계 스포츠 대회(2016),2019-01-25 12:06:27,KIRI
55,부산 버스 38,2019-01-25 12:06:25,gimoon0830
56,파일:알래스칸 정면.png,2019-01-25 12:06:23,yeong77744
57,올가 알렉산드로브나,2019-01-25 12:06:21,rosemary0151
58,올가 알렉산드로브나,2019-01-25 12:06:08,rosemary0151
59,자메이카 축구 국가대표팀,2019-01-25 12:06:06,1.247.43.184
60,학벌,2019-01-25 12:05:57,bdbdbd01
61,텐류하마나코선,2019-01-25 12:05:55,49.175.169.59
62,KT 인터넷,2019-01-25 12:05:55,121.175.126.15
63,안물어봐도 알려주는 남얘기/에피소드,2019-01-25 12:05:55,121.167.237.154
64,오버워치 환상의 겨울나라 2016,2019-01-25 12:05:48,KIRI
65,오버워치 환상의 겨울나라(2016),2019-01-25 12:05:48,KIRI
66,조지 포먼,2019-01-25 12:05:46,124.58.231.16
67,패스파인더(메이플스토리)/스킬,2019-01-25 12:05:45,70.171.62.194
68,Glitchtale/마법사들,2019-01-25 12:05:45,59.151.246.31
69,귀곡의 문,2019-01-25 12:05:40,211.49.140.179
70,이수진,2019-01-25 12:05:39,121.143.97.94
71,다중극 전개,2019-01-25 12:05:36,pao114
72,2019년 베네수엘라 정치 위기,2019-01-25 12:05:26,221.151.251.185
73,삼국지,2019-01-25 12:05:25,220.72.97.252
74,만죠메 쥰,2019-01-25 12:05:23,zzxz0512
75,다중극 전개,2019-01-25 12:05:22,pao114
76,오버워치 공포의 할로윈 2016,2019-01-25 12:05:16,KIRI
77,FC 바이에른 뮌헨/응원가,2019-01-25 12:05:15,wjdgns0597
78,조 프레이저,2019-01-25 12:05:10,124.58.231.16
79,역대 카트라이더 리그 일람,2019-01-25 12:05:08,rookie1728
80,발상과 표현,2019-01-25 12:05:08,61.81.95.190
81,카르켓 반타스,2019-01-25 12:05:02,125.140.157.135
82,귀곡의 문,2019-01-25 12:04:59,211.49.140.179
83,하모니아,2019-01-25 12:04:57,ProWindowsUser
84,LRSSG,2019-01-25 12:04:53,39.121.176.188
85,2019년 베네수엘라 정치 위기,2019-01-25 12:04:48,221.151.251.185
86,슈퍼주니어-M,2019-01-25 12:04:42,sam133132
87,부산 kt 소닉붐/2018-19 시즌/4라운드,2019-01-25 12:04:42,rorororo
88,오버워치 공포의 할로윈(2016),2019-01-25 12:04:41,KIRI
89,오버워치 공포의 할로윈 2016,2019-01-25 12:04:41,KIRI
90,카페 매매,2019-01-25 12:04:39,Area1
91,푸린(포켓몬스터)/스매시브라더스 시리즈,2019-01-25 12:04:37,125.130.252.242
92,코레일 341000호대 전동차,2019-01-25 12:04:34,jongmin8029
93,신비한 TV 서프라이즈,2019-01-25 12:04:33,geguri02
94,놀라운 토요일,2019-01-25 12:04:32,right3212
95,베트남 축구 국가대표팀,2019-01-25 12:04:28,lee0214
96,김예준,2019-01-25 12:04:19,owb101
97,박휘순 박지선의 찌찌뽕,2019-01-25 12:04:18,61.81.95.190
