,date,title,point
0,20181101,보헤미안 랩소디,9.71
1,20181101,미쓰백,9.25
2,20181101,"나, 다니엘 블레이크",9.24
3,20181101,어느 가족,9.23
4,20181101,극장판 헬로카봇 : 백악기 시대,9.23
5,20181101,타인의 삶,9.22
6,20181101,스타 이즈 본,9.19
7,20181101,카메라를 멈추면 안 돼!,9.17
8,20181101,타샤 튜더,9.14
9,20181101,패딩턴 2,9.1
10,20181101,완벽한 타인,9.02
11,20181101,곰돌이 푸 다시 만나 행복해,8.97
12,20181101,액슬,8.95
13,20181101,서치,8.89
14,20181101,소공녀,8.87
15,20181101,미드나잇 선,8.8
16,20181101,신비아파트: 금빛 도깨비와 비밀의 동굴,8.75
17,20181101,맨체스터 바이 더 씨,8.73
18,20181101,"오늘 밤, 로맨스 극장에서",8.4
19,20181101,그랜드 부다페스트 호텔,8.37
20,20181101,암수살인,8.34
21,20181101,죄 많은 소녀,8.22
22,20181101,안시성,8.06
23,20181101,베놈,8.01
24,20181101,올 더 머니,7.98
25,20181101,맥코리아,7.91
26,20181101,당신의 부탁,7.79
27,20181101,박화영,7.79
28,20181101,크레이지 리치 아시안,7.43
29,20181101,명당,7.12
30,20181101,킬링 디어,7.08
31,20181101,퍼스트맨,7.04
32,20181101,원더풀 고스트,6.96
33,20181101,할로윈,6.6
34,20181101,펭귄 하이웨이,6.38
35,20181101,배반의 장미,5.99
36,20181101,창궐,5.69
37,20181102,보헤미안 랩소디,9.7
38,20181102,미쓰백,9.26
39,20181102,"나, 다니엘 블레이크",9.24
40,20181102,어느 가족,9.23
41,20181102,극장판 헬로카봇 : 백악기 시대,9.23
42,20181102,타인의 삶,9.22
43,20181102,스타 이즈 본,9.19
44,20181102,카메라를 멈추면 안 돼!,9.17
45,20181102,타샤 튜더,9.14
46,20181102,패딩턴 2,9.1
47,20181102,완벽한 타인,9.01
48,20181102,곰돌이 푸 다시 만나 행복해,8.97
49,20181102,액슬,8.94
50,20181102,서치,8.89
51,20181102,소공녀,8.87
52,20181102,미드나잇 선,8.8
53,20181102,신비아파트: 금빛 도깨비와 비밀의 동굴,8.75
54,20181102,맨체스터 바이 더 씨,8.73
55,20181102,"오늘 밤, 로맨스 극장에서",8.4
56,20181102,그랜드 부다페스트 호텔,8.37
57,20181102,암수살인,8.34
58,20181102,죄 많은 소녀,8.22
59,20181102,안시성,8.06
60,20181102,베놈,8.01
61,20181102,춘몽,8.0
62,20181102,올 더 머니,7.98
63,20181102,맥코리아,7.91
64,20181102,당신의 부탁,7.79
65,20181102,박화영,7.78
66,20181102,크레이지 리치 아시안,7.44
67,20181102,명당,7.12
68,20181102,킬링 디어,7.08
69,20181102,퍼스트맨,7.03
70,20181102,할로윈,6.53
71,20181102,벽 속에 숨은 마법시계,6.43
72,20181102,펭귄 하이웨이,6.38
73,20181102,배반의 장미,5.95
74,20181102,창궐,5.66
75,20181103,보헤미안 랩소디,9.7
76,20181103,미쓰백,9.26
77,20181103,"나, 다니엘 블레이크",9.24
78,20181103,어느 가족,9.23
79,20181103,극장판 헬로카봇 : 백악기 시대,9.23
80,20181103,바람과 함께 사라지다,9.23
81,20181103,타인의 삶,9.22
82,20181103,스타 이즈 본,9.2
83,20181103,카메라를 멈추면 안 돼!,9.17
84,20181103,타샤 튜더,9.14
85,20181103,패딩턴 2,9.1
86,20181103,곰돌이 푸 다시 만나 행복해,8.97
87,20181103,완벽한 타인,8.95
88,20181103,액슬,8.93
89,20181103,바르다가 사랑한 얼굴들,8.92
90,20181103,서치,8.89
91,20181103,소공녀,8.87
92,20181103,미드나잇 선,8.8
93,20181103,신비아파트: 금빛 도깨비와 비밀의 동굴,8.75
94,20181103,맨체스터 바이 더 씨,8.73
95,20181103,"오늘 밤, 로맨스 극장에서",8.4
96,20181103,그랜드 부다페스트 호텔,8.37
97,20181103,암수살인,8.34
98,20181103,죄 많은 소녀,8.25
99,20181103,안시성,8.06
100,20181103,베놈,8.01
101,20181103,춘몽,8.0
102,20181103,올 더 머니,7.98
103,20181103,맥코리아,7.91
104,20181103,당신의 부탁,7.8
105,20181103,박화영,7.77
106,20181103,크레이지 리치 아시안,7.43
107,20181103,명당,7.12
108,20181103,퍼스트맨,7.03
109,20181103,할로윈,6.51
110,20181103,벽 속에 숨은 마법시계,6.4
111,20181103,펭귄 하이웨이,6.4
112,20181103,배반의 장미,5.92
113,20181103,창궐,5.65
114,20181104,보헤미안 랩소디,9.7
115,20181104,미쓰백,9.26
116,20181104,"나, 다니엘 블레이크",9.24
117,20181104,어느 가족,9.23
118,20181104,극장판 헬로카봇 : 백악기 시대,9.23
119,20181104,바람과 함께 사라지다,9.23
120,20181104,타인의 삶,9.22
121,20181104,스타 이즈 본,9.18
122,20181104,카메라를 멈추면 안 돼!,9.16
123,20181104,타샤 튜더,9.14
124,20181104,패딩턴 2,9.1
125,20181104,완벽한 타인,8.97
126,20181104,곰돌이 푸 다시 만나 행복해,8.97
127,20181104,액슬,8.92
128,20181104,서치,8.89
129,20181104,소공녀,8.87
130,20181104,미드나잇 선,8.8
131,20181104,신비아파트: 금빛 도깨비와 비밀의 동굴,8.75
132,20181104,맨체스터 바이 더 씨,8.73
133,20181104,"오늘 밤, 로맨스 극장에서",8.4
134,20181104,그랜드 부다페스트 호텔,8.37
135,20181104,암수살인,8.34
136,20181104,죄 많은 소녀,8.21
137,20181104,안시성,8.05
138,20181104,베놈,8.01
139,20181104,춘몽,8.0
140,20181104,맥코리아,7.91
141,20181104,당신의 부탁,7.81
142,20181104,박화영,7.77
143,20181104,크레이지 리치 아시안,7.47
144,20181104,명당,7.11
145,20181104,퍼스트맨,7.02
146,20181104,할로윈,6.47
147,20181104,펭귄 하이웨이,6.38
148,20181104,벽 속에 숨은 마법시계,6.37
149,20181104,배반의 장미,5.85
150,20181104,창궐,5.64
151,20181105,보헤미안 랩소디,9.69
152,20181105,미쓰백,9.26
153,20181105,어느 가족,9.23
154,20181105,극장판 헬로카봇 : 백악기 시대,9.23
155,20181105,바람과 함께 사라지다,9.23
156,20181105,스타 이즈 본,9.18
157,20181105,카메라를 멈추면 안 돼!,9.16
158,20181105,타샤 튜더,9.14
159,20181105,패딩턴 2,9.1
160,20181105,곰돌이 푸 다시 만나 행복해,8.97
161,20181105,완벽한 타인,8.93
162,20181105,액슬,8.92
163,20181105,소공녀,8.87
164,20181105,미드나잇 선,8.8
165,20181105,신비아파트: 금빛 도깨비와 비밀의 동굴,8.75
166,20181105,맨체스터 바이 더 씨,8.73
167,20181105,"오늘 밤, 로맨스 극장에서",8.4
168,20181105,그랜드 부다페스트 호텔,8.37
169,20181105,암수살인,8.34
170,20181105,죄 많은 소녀,8.22
171,20181105,안시성,8.05
172,20181105,베놈,8.01
173,20181105,춘몽,8.0
174,20181105,당신의 부탁,7.81
175,20181105,크레이지 리치 아시안,7.48
176,20181105,명당,7.11
177,20181105,퍼스트맨,7.02
178,20181105,할로윈,6.5
179,20181105,벽 속에 숨은 마법시계,6.45
180,20181105,펭귄 하이웨이,6.37
181,20181105,배반의 장미,5.86
182,20181105,창궐,5.63
183,20181106,보헤미안 랩소디,9.68
184,20181106,미쓰백,9.26
185,20181106,바울,9.25
186,20181106,어느 가족,9.23
187,20181106,극장판 헬로카봇 : 백악기 시대,9.23
188,20181106,바람과 함께 사라지다,9.23
189,20181106,스타 이즈 본,9.18
190,20181106,카메라를 멈추면 안 돼!,9.17
191,20181106,타샤 튜더,9.14
192,20181106,패딩턴 2,9.1
193,20181106,곰돌이 푸 다시 만나 행복해,8.98
194,20181106,액슬,8.93
195,20181106,완벽한 타인,8.91
196,20181106,소공녀,8.87
197,20181106,미드나잇 선,8.8
198,20181106,신비아파트: 금빛 도깨비와 비밀의 동굴,8.75
199,20181106,맨체스터 바이 더 씨,8.73
200,20181106,"오늘 밤, 로맨스 극장에서",8.4
201,20181106,신은 죽지 않았다 3: 어둠 속의 빛,8.39
202,20181106,그랜드 부다페스트 호텔,8.37
203,20181106,암수살인,8.34
204,20181106,죄 많은 소녀,8.22
205,20181106,안시성,8.05
206,20181106,베놈,8.01
207,20181106,춘몽,8.0
208,20181106,당신의 부탁,7.81
209,20181106,크레이지 리치 아시안,7.49
210,20181106,명당,7.11
211,20181106,퍼스트맨,7.02
212,20181106,할로윈,6.51
213,20181106,벽 속에 숨은 마법시계,6.44
214,20181106,펭귄 하이웨이,6.37
215,20181106,배반의 장미,5.83
216,20181106,창궐,5.59
217,20181107,보헤미안 랩소디,9.67
218,20181107,원더,9.41
219,20181107,빌리 엘리어트,9.29
220,20181107,바울,9.27
221,20181107,미쓰백,9.26
222,20181107,어느 가족,9.23
223,20181107,극장판 헬로카봇 : 백악기 시대,9.23
224,20181107,바람과 함께 사라지다,9.23
225,20181107,스타 이즈 본,9.17
226,20181107,카메라를 멈추면 안 돼!,9.16
227,20181107,타샤 튜더,9.14
228,20181107,패딩턴 2,9.1
229,20181107,곰돌이 푸 다시 만나 행복해,8.98
230,20181107,액슬,8.91
231,20181107,완벽한 타인,8.89
232,20181107,소공녀,8.87
233,20181107,미드나잇 선,8.8
234,20181107,신비아파트: 금빛 도깨비와 비밀의 동굴,8.75
235,20181107,맨체스터 바이 더 씨,8.73
236,20181107,"오늘 밤, 로맨스 극장에서",8.4
237,20181107,신은 죽지 않았다 3: 어둠 속의 빛,8.39
238,20181107,그랜드 부다페스트 호텔,8.37
239,20181107,암수살인,8.33
240,20181107,죄 많은 소녀,8.22
241,20181107,안시성,8.05
242,20181107,베놈,8.01
243,20181107,춘몽,8.0
244,20181107,당신의 부탁,7.83
245,20181107,크레이지 리치 아시안,7.49
246,20181107,동네사람들,7.22
247,20181107,아가씨,7.1
248,20181107,퍼스트맨,7.0
249,20181107,할로윈,6.55
250,20181107,벽 속에 숨은 마법시계,6.43
251,20181107,펭귄 하이웨이,6.37
252,20181107,배반의 장미,5.75
253,20181107,창궐,5.5
254,20181108,보헤미안 랩소디,9.67
255,20181108,덕구,9.46
256,20181108,원더,9.41
257,20181108,미쓰백,9.26
258,20181108,바울,9.26
259,20181108,어느 가족,9.23
260,20181108,바람과 함께 사라지다,9.23
261,20181108,극장판 헬로카봇 : 백악기 시대,9.23
262,20181108,스타 이즈 본,9.18
263,20181108,카메라를 멈추면 안 돼!,9.16
264,20181108,타샤 튜더,9.14
265,20181108,패딩턴 2,9.1
266,20181108,청설,9.01
267,20181108,곰돌이 푸 다시 만나 행복해,8.98
268,20181108,액슬,8.9
269,20181108,소공녀,8.87
270,20181108,완벽한 타인,8.87
271,20181108,미드나잇 선,8.8
272,20181108,신비아파트: 금빛 도깨비와 비밀의 동굴,8.75
273,20181108,맨체스터 바이 더 씨,8.73
274,20181108,"오늘 밤, 로맨스 극장에서",8.4
275,20181108,신은 죽지 않았다 3: 어둠 속의 빛,8.39
276,20181108,그랜드 부다페스트 호텔,8.37
277,20181108,암수살인,8.33
278,20181108,판도라,8.32
279,20181108,죄 많은 소녀,8.19
280,20181108,안시성,8.04
281,20181108,베놈,8.01
282,20181108,춘몽,8.0
283,20181108,당신의 부탁,7.83
284,20181108,동네사람들,7.52
285,20181108,크레이지 리치 아시안,7.49
286,20181108,아가씨,7.1
287,20181108,퍼스트맨,6.99
288,20181108,원더풀 고스트,6.92
289,20181108,할로윈,6.54
290,20181108,벽 속에 숨은 마법시계,6.43
291,20181108,펭귄 하이웨이,6.38
292,20181108,창궐,5.46
293,20181109,보헤미안 랩소디,9.66
294,20181109,덕구,9.45
295,20181109,원더,9.41
296,20181109,미쓰백,9.27
297,20181109,어느 가족,9.23
298,20181109,바람과 함께 사라지다,9.23
299,20181109,극장판 헬로카봇 : 백악기 시대,9.23
300,20181109,스타 이즈 본,9.18
301,20181109,카메라를 멈추면 안 돼!,9.16
302,20181109,바울,9.15
303,20181109,타샤 튜더,9.14
304,20181109,패딩턴 2,9.1
305,20181109,청설,9.01
306,20181109,곰돌이 푸 다시 만나 행복해,8.98
307,20181109,소공녀,8.87
308,20181109,완벽한 타인,8.86
309,20181109,액슬,8.82
310,20181109,미드나잇 선,8.8
311,20181109,신비아파트: 금빛 도깨비와 비밀의 동굴,8.75
312,20181109,맨체스터 바이 더 씨,8.73
313,20181109,"오늘 밤, 로맨스 극장에서",8.4
314,20181109,그랜드 부다페스트 호텔,8.37
315,20181109,암수살인,8.32
316,20181109,죄 많은 소녀,8.19
317,20181109,너의 췌장을 먹고 싶어,8.05
318,20181109,안시성,8.04
319,20181109,베놈,8.01
320,20181109,춘몽,8.0
321,20181109,당신의 부탁,7.81
322,20181109,크레이지 리치 아시안,7.5
323,20181109,여곡성,7.47
324,20181109,동네사람들,7.44
325,20181109,아가씨,7.1
326,20181109,퍼스트맨,6.98
327,20181109,할로윈,6.53
328,20181109,벽 속에 숨은 마법시계,6.44
329,20181109,펭귄 하이웨이,6.36
330,20181109,창궐,5.4
331,20181110,보헤미안 랩소디,9.67
332,20181110,덕구,9.45
333,20181110,원더,9.41
334,20181110,미쓰백,9.27
335,20181110,어느 가족,9.23
336,20181110,바람과 함께 사라지다,9.23
337,20181110,극장판 헬로카봇 : 백악기 시대,9.23
338,20181110,스타 이즈 본,9.18
339,20181110,카메라를 멈추면 안 돼!,9.17
340,20181110,바울,9.15
341,20181110,타샤 튜더,9.14
342,20181110,패딩턴 2,9.1
343,20181110,청설,9.01
344,20181110,곰돌이 푸 다시 만나 행복해,8.98
345,20181110,소공녀,8.87
346,20181110,완벽한 타인,8.85
347,20181110,액슬,8.83
348,20181110,신비아파트: 금빛 도깨비와 비밀의 동굴,8.75
349,20181110,맨체스터 바이 더 씨,8.73
350,20181110,"오늘 밤, 로맨스 극장에서",8.4
351,20181110,그랜드 부다페스트 호텔,8.37
352,20181110,암수살인,8.32
353,20181110,죄 많은 소녀,8.19
354,20181110,너의 췌장을 먹고 싶어,8.05
355,20181110,안시성,8.04
356,20181110,베놈,8.01
357,20181110,춘몽,8.0
358,20181110,당신의 부탁,7.81
359,20181110,동네사람들,7.54
360,20181110,크레이지 리치 아시안,7.49
361,20181110,아가씨,7.1
362,20181110,퍼스트맨,6.98
363,20181110,여곡성,6.82
364,20181110,할로윈,6.54
365,20181110,벽 속에 숨은 마법시계,6.42
366,20181110,펭귄 하이웨이,6.36
367,20181110,창궐,5.37
368,20181111,보헤미안 랩소디,9.66
369,20181111,덕구,9.45
370,20181111,미쓰백,9.27
371,20181111,어느 가족,9.23
372,20181111,바람과 함께 사라지다,9.23
373,20181111,극장판 헬로카봇 : 백악기 시대,9.23
374,20181111,스타 이즈 본,9.18
375,20181111,카메라를 멈추면 안 돼!,9.17
376,20181111,바울,9.15
377,20181111,타샤 튜더,9.14
378,20181111,패딩턴 2,9.1
379,20181111,청설,9.01
380,20181111,곰돌이 푸 다시 만나 행복해,8.98
381,20181111,소공녀,8.87
382,20181111,완벽한 타인,8.84
383,20181111,액슬,8.81
384,20181111,너의 이름은.,8.75
385,20181111,신비아파트: 금빛 도깨비와 비밀의 동굴,8.75
386,20181111,맨체스터 바이 더 씨,8.73
387,20181111,"오늘 밤, 로맨스 극장에서",8.4
388,20181111,그랜드 부다페스트 호텔,8.37
389,20181111,암수살인,8.32
390,20181111,죄 많은 소녀,8.19
391,20181111,너의 췌장을 먹고 싶어,8.05
392,20181111,안시성,8.04
393,20181111,베놈,8.01
394,20181111,춘몽,8.0
395,20181111,당신의 부탁,7.82
396,20181111,크레이지 리치 아시안,7.47
397,20181111,동네사람들,7.45
398,20181111,아가씨,7.1
399,20181111,퍼스트맨,6.98
400,20181111,할로윈,6.55
401,20181111,여곡성,6.48
402,20181111,벽 속에 숨은 마법시계,6.42
403,20181111,펭귄 하이웨이,6.36
404,20181111,창궐,5.36
405,20181112,보헤미안 랩소디,9.66
406,20181112,폴란드로 간 아이들,9.51
407,20181112,덕구,9.45
408,20181112,미쓰백,9.27
409,20181112,어느 가족,9.23
410,20181112,바람과 함께 사라지다,9.23
411,20181112,극장판 헬로카봇 : 백악기 시대,9.23
412,20181112,스타 이즈 본,9.18
413,20181112,카메라를 멈추면 안 돼!,9.17
414,20181112,바울,9.15
415,20181112,타샤 튜더,9.14
416,20181112,패딩턴 2,9.1
417,20181112,청설,9.01
418,20181112,곰돌이 푸 다시 만나 행복해,8.98
419,20181112,루이스,8.97
420,20181112,소공녀,8.87
421,20181112,완벽한 타인,8.83
422,20181112,액슬,8.81
423,20181112,너의 이름은.,8.75
424,20181112,신비아파트: 금빛 도깨비와 비밀의 동굴,8.75
425,20181112,맨체스터 바이 더 씨,8.72
426,20181112,플로리다 프로젝트,8.55
427,20181112,"오늘 밤, 로맨스 극장에서",8.4
428,20181112,팬텀 스레드,8.38
429,20181112,그랜드 부다페스트 호텔,8.37
430,20181112,셰이프 오브 워터: 사랑의 모양,8.37
431,20181112,암수살인,8.32
432,20181112,죄 많은 소녀,8.19
433,20181112,안시성,8.04
434,20181112,베놈,8.01
435,20181112,춘몽,8.0
436,20181112,당신의 부탁,7.82
437,20181112,크레이지 리치 아시안,7.46
438,20181112,동네사람들,7.36
439,20181112,아가씨,7.1
440,20181112,퍼스트맨,6.98
441,20181112,할로윈,6.54
442,20181112,벽 속에 숨은 마법시계,6.4
443,20181112,펭귄 하이웨이,6.36
444,20181112,여곡성,6.1
445,20181112,창궐,5.36
446,20181113,보헤미안 랩소디,9.66
447,20181113,폴란드로 간 아이들,9.52
448,20181113,미쓰백,9.24
449,20181113,어느 가족,9.23
450,20181113,극장판 헬로카봇 : 백악기 시대,9.23
451,20181113,스타 이즈 본,9.18
452,20181113,바울,9.17
453,20181113,카메라를 멈추면 안 돼!,9.17
454,20181113,타샤 튜더,9.14
455,20181113,패딩턴 2,9.1
456,20181113,청설,9.01
457,20181113,곰돌이 푸 다시 만나 행복해,8.98
458,20181113,루이스,8.97
459,20181113,소공녀,8.87
460,20181113,완벽한 타인,8.81
461,20181113,액슬,8.81
462,20181113,델타 보이즈,8.78
463,20181113,너의 이름은.,8.75
464,20181113,신비아파트: 금빛 도깨비와 비밀의 동굴,8.75
465,20181113,맨체스터 바이 더 씨,8.72
466,20181113,플로리다 프로젝트,8.55
467,20181113,"오늘 밤, 로맨스 극장에서",8.4
468,20181113,팬텀 스레드,8.38
469,20181113,그랜드 부다페스트 호텔,8.37
470,20181113,셰이프 오브 워터: 사랑의 모양,8.37
471,20181113,낮술,8.32
472,20181113,암수살인,8.32
473,20181113,죄 많은 소녀,8.18
474,20181113,하하하,8.1
475,20181113,너의 췌장을 먹고 싶어,8.05
476,20181113,안시성,8.04
477,20181113,베놈,8.01
478,20181113,춘몽,8.0
479,20181113,당신의 부탁,7.82
480,20181113,크레이지 리치 아시안,7.48
481,20181113,동네사람들,7.2
482,20181113,아가씨,7.1
483,20181113,퍼스트맨,6.97
484,20181113,할로윈,6.54
485,20181113,벽 속에 숨은 마법시계,6.36
486,20181113,펭귄 하이웨이,6.36
487,20181113,여곡성,5.92
488,20181113,창궐,5.35
489,20181113,120BPM,2.7
490,20181114,보헤미안 랩소디,9.65
491,20181114,폴란드로 간 아이들,9.53
492,20181114,어느 가족,9.23
493,20181114,극장판 헬로카봇 : 백악기 시대,9.23
494,20181114,미쓰백,9.21
495,20181114,스타 이즈 본,9.17
496,20181114,카메라를 멈추면 안 돼!,9.17
497,20181114,해피 투게더,9.17
498,20181114,타샤 튜더,9.14
499,20181114,바울,9.12
500,20181114,패딩턴 2,9.1
501,20181114,청설,9.01
502,20181114,루이스,8.98
503,20181114,소공녀,8.87
504,20181114,액슬,8.81
505,20181114,완벽한 타인,8.8
506,20181114,델타 보이즈,8.78
507,20181114,신비아파트: 금빛 도깨비와 비밀의 동굴,8.75
508,20181114,맨체스터 바이 더 씨,8.72
509,20181114,플로리다 프로젝트,8.55
510,20181114,"오늘 밤, 로맨스 극장에서",8.4
511,20181114,팬텀 스레드,8.38
512,20181114,그랜드 부다페스트 호텔,8.37
513,20181114,셰이프 오브 워터: 사랑의 모양,8.37
514,20181114,낮술,8.32
515,20181114,암수살인,8.32
516,20181114,죄 많은 소녀,8.18
517,20181114,하하하,8.1
518,20181114,너의 췌장을 먹고 싶어,8.05
519,20181114,안시성,8.04
520,20181114,베놈,8.01
521,20181114,춘몽,8.0
522,20181114,당신의 부탁,7.84
523,20181114,최악의 하루,7.83
524,20181114,뷰티 인사이드,7.74
525,20181114,걷기왕,7.7
526,20181114,크레이지 리치 아시안,7.48
527,20181114,아가씨,7.1
528,20181114,퍼스트맨,6.97
529,20181114,동네사람들,6.86
530,20181114,신비한 동물들과 그린델왈드의 범죄,6.82
531,20181114,할로윈,6.55
532,20181114,펭귄 하이웨이,6.36
533,20181114,벽 속에 숨은 마법시계,6.33
534,20181114,여곡성,5.79
535,20181114,창궐,5.33
536,20181114,120BPM,2.7
537,20181115,번 더 스테이지: 더 무비,9.7
538,20181115,보헤미안 랩소디,9.65
539,20181115,폴란드로 간 아이들,9.54
540,20181115,출국,9.36
541,20181115,어느 가족,9.23
542,20181115,극장판 헬로카봇 : 백악기 시대,9.23
543,20181115,미쓰백,9.2
544,20181115,스타 이즈 본,9.17
545,20181115,카메라를 멈추면 안 돼!,9.17
546,20181115,타샤 튜더,9.14
547,20181115,패딩턴 2,9.1
548,20181115,바울,9.09
549,20181115,청설,9.01
550,20181115,루이스,8.98
551,20181115,소공녀,8.88
552,20181115,라빠르망,8.85
553,20181115,액슬,8.81
554,20181115,완벽한 타인,8.79
555,20181115,델타 보이즈,8.78
556,20181115,신비아파트: 금빛 도깨비와 비밀의 동굴,8.75
557,20181115,맨체스터 바이 더 씨,8.72
558,20181115,플로리다 프로젝트,8.55
559,20181115,"오늘 밤, 로맨스 극장에서",8.4
560,20181115,팬텀 스레드,8.38
561,20181115,그랜드 부다페스트 호텔,8.37
562,20181115,셰이프 오브 워터: 사랑의 모양,8.37
563,20181115,낮술,8.32
564,20181115,암수살인,8.32
565,20181115,죄 많은 소녀,8.18
566,20181115,하하하,8.1
567,20181115,안시성,8.03
568,20181115,베놈,8.01
569,20181115,춘몽,8.0
570,20181115,당신의 부탁,7.84
571,20181115,최악의 하루,7.83
572,20181115,뷰티 인사이드,7.74
573,20181115,걷기왕,7.7
574,20181115,크레이지 리치 아시안,7.48
575,20181115,단지 세상의 끝,7.46
576,20181115,아가씨,7.1
577,20181115,신비한 동물들과 그린델왈드의 범죄,6.99
578,20181115,퍼스트맨,6.97
579,20181115,원더풀 고스트,6.86
580,20181115,동네사람들,6.77
581,20181115,할로윈,6.55
582,20181115,펭귄 하이웨이,6.37
583,20181115,벽 속에 숨은 마법시계,6.32
584,20181115,여곡성,5.74
585,20181115,창궐,5.33
586,20181115,120BPM,2.7
587,20181116,번 더 스테이지: 더 무비,9.65
588,20181116,보헤미안 랩소디,9.64
589,20181116,폴란드로 간 아이들,9.54
590,20181116,출국,9.41
591,20181116,어느 가족,9.23
592,20181116,극장판 헬로카봇 : 백악기 시대,9.23
593,20181116,미쓰백,9.2
594,20181116,스타 이즈 본,9.17
595,20181116,카메라를 멈추면 안 돼!,9.17
596,20181116,타샤 튜더,9.14
597,20181116,바울,9.11
598,20181116,패딩턴 2,9.1
599,20181116,청설,9.01
600,20181116,루이스,8.98
601,20181116,그것만이 내 세상,8.91
602,20181116,소공녀,8.88
603,20181116,라빠르망,8.85
604,20181116,액슬,8.81
605,20181116,완벽한 타인,8.8
606,20181116,델타 보이즈,8.78
607,20181116,신비아파트: 금빛 도깨비와 비밀의 동굴,8.75
608,20181116,맨체스터 바이 더 씨,8.72
609,20181116,플로리다 프로젝트,8.55
610,20181116,"오늘 밤, 로맨스 극장에서",8.4
611,20181116,팬텀 스레드,8.38
612,20181116,그랜드 부다페스트 호텔,8.37
613,20181116,셰이프 오브 워터: 사랑의 모양,8.37
614,20181116,낮술,8.32
615,20181116,암수살인,8.32
616,20181116,죄 많은 소녀,8.17
617,20181116,하하하,8.1
618,20181116,안시성,8.03
619,20181116,베놈,8.01
620,20181116,춘몽,7.99
621,20181116,당신의 부탁,7.84
622,20181116,최악의 하루,7.83
623,20181116,걷기왕,7.7
624,20181116,크레이지 리치 아시안,7.49
625,20181116,단지 세상의 끝,7.46
626,20181116,아가씨,7.1
627,20181116,퍼스트맨,6.97
628,20181116,신비한 동물들과 그린델왈드의 범죄,6.97
629,20181116,원더풀 고스트,6.86
630,20181116,동네사람들,6.7
631,20181116,할로윈,6.56
632,20181116,펭귄 하이웨이,6.37
633,20181116,벽 속에 숨은 마법시계,6.32
634,20181116,여곡성,5.67
635,20181116,창궐,5.33
636,20181116,120BPM,2.7
637,20181117,보헤미안 랩소디,9.63
638,20181117,번 더 스테이지: 더 무비,9.53
639,20181117,폴란드로 간 아이들,9.53
640,20181117,출국,9.45
641,20181117,원더,9.41
642,20181117,아이 캔 스피크,9.36
643,20181117,어느 가족,9.23
644,20181117,극장판 헬로카봇 : 백악기 시대,9.23
645,20181117,미쓰백,9.19
646,20181117,내 사랑,9.17
647,20181117,스타 이즈 본,9.16
648,20181117,카메라를 멈추면 안 돼!,9.16
649,20181117,타샤 튜더,9.14
650,20181117,바울,9.12
651,20181117,무간도,9.1
652,20181117,패딩턴 2,9.1
653,20181117,청설,9.01
654,20181117,소공녀,8.88
655,20181117,라빠르망,8.85
656,20181117,완벽한 타인,8.8
657,20181117,델타 보이즈,8.78
658,20181117,액슬,8.78
659,20181117,신비아파트: 금빛 도깨비와 비밀의 동굴,8.75
660,20181117,맨체스터 바이 더 씨,8.72
661,20181117,해피 투게더,8.69
662,20181117,플로리다 프로젝트,8.55
663,20181117,팬텀 스레드,8.38
664,20181117,그랜드 부다페스트 호텔,8.37
665,20181117,셰이프 오브 워터: 사랑의 모양,8.37
666,20181117,강철비,8.35
667,20181117,청년경찰,8.33
668,20181117,낮술,8.32
669,20181117,암수살인,8.31
670,20181117,죄 많은 소녀,8.17
671,20181117,하하하,8.1
672,20181117,남한산성,8.05
673,20181117,너의 췌장을 먹고 싶어,8.04
674,20181117,안시성,8.03
675,20181117,베놈,8.01
676,20181117,춘몽,7.99
677,20181117,당신의 부탁,7.89
678,20181117,최악의 하루,7.83
679,20181117,걷기왕,7.7
680,20181117,크레이지 리치 아시안,7.49
681,20181117,단지 세상의 끝,7.46
682,20181117,아가씨,7.1
683,20181117,퍼스트맨,6.97
684,20181117,신비한 동물들과 그린델왈드의 범죄,6.93
685,20181117,동네사람들,6.66
686,20181117,할로윈,6.56
687,20181118,보헤미안 랩소디,9.63
688,20181118,폴란드로 간 아이들,9.51
689,20181118,번 더 스테이지: 더 무비,9.5
690,20181118,출국,9.48
691,20181118,원더,9.41
692,20181118,아이 캔 스피크,9.36
693,20181118,어느 가족,9.23
694,20181118,극장판 헬로카봇 : 백악기 시대,9.23
695,20181118,미쓰백,9.18
696,20181118,내 사랑,9.17
697,20181118,스타 이즈 본,9.16
698,20181118,카메라를 멈추면 안 돼!,9.16
699,20181118,타샤 튜더,9.15
700,20181118,바울,9.12
701,20181118,무간도,9.1
702,20181118,패딩턴 2,9.1
703,20181118,청설,9.01
704,20181118,소공녀,8.88
705,20181118,라빠르망,8.85
706,20181118,완벽한 타인,8.79
707,20181118,델타 보이즈,8.78
708,20181118,액슬,8.78
709,20181118,신비아파트: 금빛 도깨비와 비밀의 동굴,8.75
710,20181118,맨체스터 바이 더 씨,8.72
711,20181118,해피 투게더,8.68
712,20181118,플로리다 프로젝트,8.55
713,20181118,팬텀 스레드,8.39
714,20181118,그랜드 부다페스트 호텔,8.37
715,20181118,셰이프 오브 워터: 사랑의 모양,8.36
716,20181118,강철비,8.35
717,20181118,청년경찰,8.33
718,20181118,낮술,8.32
719,20181118,암수살인,8.31
720,20181118,죄 많은 소녀,8.17
721,20181118,하하하,8.1
722,20181118,남한산성,8.05
723,20181118,너의 췌장을 먹고 싶어,8.04
724,20181118,안시성,8.03
725,20181118,베놈,8.01
726,20181118,춘몽,7.99
727,20181118,당신의 부탁,7.89
728,20181118,최악의 하루,7.83
729,20181118,걷기왕,7.7
730,20181118,크레이지 리치 아시안,7.48
731,20181118,단지 세상의 끝,7.46
732,20181118,아가씨,7.1
733,20181118,퍼스트맨,6.97
734,20181118,신비한 동물들과 그린델왈드의 범죄,6.77
735,20181118,동네사람들,6.64
736,20181118,할로윈,6.56
737,20181119,보헤미안 랩소디,9.63
738,20181119,폴란드로 간 아이들,9.51
739,20181119,출국,9.51
740,20181119,번 더 스테이지: 더 무비,9.48
741,20181119,원더,9.41
742,20181119,아이 캔 스피크,9.36
743,20181119,어느 가족,9.23
744,20181119,극장판 헬로카봇 : 백악기 시대,9.23
745,20181119,내 사랑,9.17
746,20181119,미쓰백,9.17
747,20181119,스타 이즈 본,9.17
748,20181119,카메라를 멈추면 안 돼!,9.16
749,20181119,타샤 튜더,9.15
750,20181119,바울,9.13
751,20181119,무간도,9.1
752,20181119,패딩턴 2,9.1
753,20181119,청설,9.01
754,20181119,소공녀,8.88
755,20181119,라빠르망,8.83
756,20181119,델타 보이즈,8.79
757,20181119,완벽한 타인,8.78
758,20181119,액슬,8.78
759,20181119,신비아파트: 금빛 도깨비와 비밀의 동굴,8.75
760,20181119,맨체스터 바이 더 씨,8.72
761,20181119,해피 투게더,8.57
762,20181119,플로리다 프로젝트,8.55
763,20181119,팬텀 스레드,8.39
764,20181119,그랜드 부다페스트 호텔,8.37
765,20181119,셰이프 오브 워터: 사랑의 모양,8.36
766,20181119,강철비,8.35
767,20181119,청년경찰,8.33
768,20181119,낮술,8.32
769,20181119,암수살인,8.31
770,20181119,죄 많은 소녀,8.17
771,20181119,하하하,8.1
772,20181119,남한산성,8.05
773,20181119,너의 췌장을 먹고 싶어,8.04
774,20181119,안시성,8.03
775,20181119,베놈,8.01
776,20181119,춘몽,7.99
777,20181119,당신의 부탁,7.89
778,20181119,최악의 하루,7.83
779,20181119,걷기왕,7.7
780,20181119,크레이지 리치 아시안,7.48
781,20181119,단지 세상의 끝,7.46
782,20181119,아가씨,7.1
783,20181119,퍼스트맨,6.97
784,20181119,신비한 동물들과 그린델왈드의 범죄,6.65
785,20181119,동네사람들,6.62
786,20181119,할로윈,6.56
787,20181120,보헤미안 랩소디,9.62
788,20181120,폴란드로 간 아이들,9.51
789,20181120,번 더 스테이지: 더 무비,9.48
790,20181120,출국,9.43
791,20181120,아이 캔 스피크,9.36
792,20181120,어느 가족,9.23
793,20181120,극장판 헬로카봇 : 백악기 시대,9.23
794,20181120,내 사랑,9.17
795,20181120,미쓰백,9.17
796,20181120,스타 이즈 본,9.16
797,20181120,카메라를 멈추면 안 돼!,9.16
798,20181120,타샤 튜더,9.15
799,20181120,바울,9.11
800,20181120,패딩턴 2,9.1
801,20181120,청설,9.01
802,20181120,바르다가 사랑한 얼굴들,8.92
803,20181120,소공녀,8.88
804,20181120,라빠르망,8.83
805,20181120,델타 보이즈,8.79
806,20181120,완벽한 타인,8.78
807,20181120,신비아파트: 금빛 도깨비와 비밀의 동굴,8.75
808,20181120,맨체스터 바이 더 씨,8.72
809,20181120,해피 투게더,8.57
810,20181120,플로리다 프로젝트,8.55
811,20181120,팬텀 스레드,8.39
812,20181120,너의 췌장을 먹고 싶어,8.38
813,20181120,그랜드 부다페스트 호텔,8.37
814,20181120,셰이프 오브 워터: 사랑의 모양,8.36
815,20181120,강철비,8.35
816,20181120,청년경찰,8.33
817,20181120,낮술,8.32
818,20181120,암수살인,8.31
819,20181120,죄 많은 소녀,8.17
820,20181120,하하하,8.1
821,20181120,남한산성,8.05
822,20181120,안시성,8.03
823,20181120,베놈,8.01
824,20181120,춘몽,7.99
825,20181120,최악의 하루,7.83
826,20181120,걷기왕,7.7
827,20181120,크레이지 리치 아시안,7.49
828,20181120,단지 세상의 끝,7.46
829,20181120,아가씨,7.11
830,20181120,퍼스트맨,6.96
831,20181120,신비한 동물들과 그린델왈드의 범죄,6.6
832,20181120,동네사람들,6.57
833,20181120,할로윈,6.56
834,20181120,펭귄 하이웨이,6.39
835,20181120,벽 속에 숨은 마법시계,6.33
836,20181120,여곡성,5.3
837,20181121,보헤미안 랩소디,9.62
838,20181121,폴란드로 간 아이들,9.51
839,20181121,번 더 스테이지: 더 무비,9.47
840,20181121,출국,9.4
841,20181121,말할 수 없는 비밀,9.27
842,20181121,어느 가족,9.23
843,20181121,극장판 헬로카봇 : 백악기 시대,9.23
844,20181121,미쓰백,9.17
845,20181121,스타 이즈 본,9.17
846,20181121,카메라를 멈추면 안 돼!,9.16
847,20181121,타샤 튜더,9.14
848,20181121,바울,9.11
849,20181121,패딩턴 2,9.1
850,20181121,청설,9.01
851,20181121,그것만이 내 세상,8.91
852,20181121,라빠르망,8.83
853,20181121,델타 보이즈,8.79
854,20181121,완벽한 타인,8.78
855,20181121,신비아파트: 금빛 도깨비와 비밀의 동굴,8.75
856,20181121,맨체스터 바이 더 씨,8.72
857,20181121,해피 투게더,8.59
858,20181121,플로리다 프로젝트,8.55
859,20181121,팬텀 스레드,8.39
860,20181121,그랜드 부다페스트 호텔,8.37
861,20181121,셰이프 오브 워터: 사랑의 모양,8.36
862,20181121,너의 췌장을 먹고 싶어,8.36
863,20181121,강철비,8.35
864,20181121,청년경찰,8.33
865,20181121,낮술,8.32
866,20181121,암수살인,8.32
867,20181121,죄 많은 소녀,8.17
868,20181121,하하하,8.1
869,20181121,안시성,8.03
870,20181121,베놈,8.01
871,20181121,춘몽,7.99
872,20181121,최악의 하루,7.83
873,20181121,걷기왕,7.7
874,20181121,크레이지 리치 아시안,7.49
875,20181121,단지 세상의 끝,7.46
876,20181121,아가씨,7.11
877,20181121,퍼스트맨,6.96
878,20181121,할로윈,6.57
879,20181121,신비한 동물들과 그린델왈드의 범죄,6.57
880,20181121,동네사람들,6.56
881,20181121,펭귄 하이웨이,6.38
882,20181121,벽 속에 숨은 마법시계,6.33
883,20181121,창궐,5.26
884,20181121,여곡성,5.02
885,20181121,120BPM,2.7
886,20181122,보헤미안 랩소디,9.62
887,20181122,폴란드로 간 아이들,9.48
888,20181122,번 더 스테이지: 더 무비,9.46
889,20181122,출국,9.39
890,20181122,빌리 엘리어트,9.29
891,20181122,말할 수 없는 비밀,9.27
892,20181122,어느 가족,9.23
893,20181122,극장판 헬로카봇 : 백악기 시대,9.23
894,20181122,스타 이즈 본,9.17
895,20181122,미쓰백,9.16
896,20181122,카메라를 멈추면 안 돼!,9.16
897,20181122,타샤 튜더,9.13
898,20181122,바울,9.11
899,20181122,패딩턴 2,9.1
900,20181122,청설,9.01
901,20181122,라빠르망,8.83
902,20181122,델타 보이즈,8.79
903,20181122,완벽한 타인,8.78
904,20181122,신비아파트: 금빛 도깨비와 비밀의 동굴,8.75
905,20181122,맨체스터 바이 더 씨,8.72
906,20181122,해피 투게더,8.61
907,20181122,플로리다 프로젝트,8.55
908,20181122,팬텀 스레드,8.38
909,20181122,너의 췌장을 먹고 싶어,8.38
910,20181122,그랜드 부다페스트 호텔,8.37
911,20181122,셰이프 오브 워터: 사랑의 모양,8.36
912,20181122,낮술,8.32
913,20181122,암수살인,8.31
914,20181122,칠드런 오브 맨,8.26
915,20181122,죄 많은 소녀,8.18
916,20181122,하하하,8.1
917,20181122,안시성,8.03
918,20181122,베놈,8.01
919,20181122,춘몽,8.0
920,20181122,성난황소,7.96
921,20181122,최악의 하루,7.83
922,20181122,걷기왕,7.7
923,20181122,크레이지 리치 아시안,7.48
924,20181122,단지 세상의 끝,7.46
925,20181122,아가씨,7.11
926,20181122,퍼스트맨,6.95
927,20181122,할로윈,6.57
928,20181122,동네사람들,6.53
929,20181122,신비한 동물들과 그린델왈드의 범죄,6.51
930,20181122,펭귄 하이웨이,6.38
931,20181122,창궐,5.24
932,20181122,여곡성,4.87
933,20181122,120BPM,2.7
934,20181123,보헤미안 랩소디,9.62
935,20181123,폴란드로 간 아이들,9.48
936,20181123,번 더 스테이지: 더 무비,9.44
937,20181123,출국,9.39
938,20181123,울지마 톤즈,9.34
939,20181123,말할 수 없는 비밀,9.27
940,20181123,어느 가족,9.23
941,20181123,극장판 헬로카봇 : 백악기 시대,9.23
942,20181123,스타 이즈 본,9.17
943,20181123,카메라를 멈추면 안 돼!,9.16
944,20181123,미쓰백,9.16
945,20181123,타샤 튜더,9.14
946,20181123,패딩턴 2,9.1
947,20181123,바울,9.09
948,20181123,청설,9.01
949,20181123,라빠르망,8.83
950,20181123,델타 보이즈,8.79
951,20181123,완벽한 타인,8.78
952,20181123,신비아파트: 금빛 도깨비와 비밀의 동굴,8.75
953,20181123,맨체스터 바이 더 씨,8.72
954,20181123,해피 투게더,8.62
955,20181123,플로리다 프로젝트,8.55
956,20181123,팬텀 스레드,8.38
957,20181123,그랜드 부다페스트 호텔,8.37
958,20181123,셰이프 오브 워터: 사랑의 모양,8.36
959,20181123,너의 췌장을 먹고 싶어,8.34
960,20181123,낮술,8.32
961,20181123,암수살인,8.32
962,20181123,칠드런 오브 맨,8.26
963,20181123,죄 많은 소녀,8.15
964,20181123,성난황소,8.12
965,20181123,하하하,8.1
966,20181123,안시성,8.03
967,20181123,베놈,8.01
968,20181123,춘몽,8.0
969,20181123,최악의 하루,7.83
970,20181123,걷기왕,7.7
971,20181123,크레이지 리치 아시안,7.47
972,20181123,단지 세상의 끝,7.46
973,20181123,아가씨,7.11
974,20181123,퍼스트맨,6.95
975,20181123,할로윈,6.57
976,20181123,동네사람들,6.52
977,20181123,신비한 동물들과 그린델왈드의 범죄,6.48
978,20181123,펭귄 하이웨이,6.38
979,20181123,창궐,5.23
980,20181123,여곡성,4.78
981,20181123,120BPM,2.7
982,20181124,베일리 어게인,9.67
983,20181124,보헤미안 랩소디,9.61
984,20181124,폴란드로 간 아이들,9.48
985,20181124,번 더 스테이지: 더 무비,9.44
986,20181124,출국,9.38
987,20181124,울지마 톤즈,9.34
988,20181124,어느 가족,9.23
989,20181124,극장판 헬로카봇 : 백악기 시대,9.23
990,20181124,스타 이즈 본,9.17
991,20181124,미쓰백,9.15
992,20181124,카메라를 멈추면 안 돼!,9.14
993,20181124,타샤 튜더,9.13
994,20181124,패딩턴 2,9.1
995,20181124,바울,9.07
996,20181124,청설,9.01
997,20181124,라빠르망,8.83
998,20181124,델타 보이즈,8.79
999,20181124,완벽한 타인,8.77
1000,20181124,신비아파트: 금빛 도깨비와 비밀의 동굴,8.75
1001,20181124,맨체스터 바이 더 씨,8.72
1002,20181124,해피 투게더,8.63
1003,20181124,플로리다 프로젝트,8.55
1004,20181124,팬텀 스레드,8.38
1005,20181124,그랜드 부다페스트 호텔,8.37
1006,20181124,셰이프 오브 워터: 사랑의 모양,8.36
1007,20181124,낮술,8.32
1008,20181124,암수살인,8.31
1009,20181124,너의 췌장을 먹고 싶어,8.3
1010,20181124,칠드런 오브 맨,8.26
1011,20181124,죄 많은 소녀,8.16
1012,20181124,성난황소,8.15
1013,20181124,하하하,8.1
1014,20181124,안시성,8.03
1015,20181124,베놈,8.01
1016,20181124,춘몽,8.0
1017,20181124,최악의 하루,7.83
1018,20181124,걷기왕,7.7
1019,20181124,단지 세상의 끝,7.46
1020,20181124,크레이지 리치 아시안,7.41
1021,20181124,아가씨,7.1
1022,20181124,퍼스트맨,6.94
1023,20181124,할로윈,6.57
1024,20181124,동네사람들,6.52
1025,20181124,신비한 동물들과 그린델왈드의 범죄,6.47
1026,20181124,펭귄 하이웨이,6.39
1027,20181124,창궐,5.2
1028,20181124,여곡성,4.65
1029,20181124,120BPM,2.7
1030,20181125,베일리 어게인,9.63
1031,20181125,보헤미안 랩소디,9.6
1032,20181125,폴란드로 간 아이들,9.48
1033,20181125,번 더 스테이지: 더 무비,9.43
1034,20181125,출국,9.38
1035,20181125,울지마 톤즈,9.34
1036,20181125,어느 가족,9.23
1037,20181125,극장판 헬로카봇 : 백악기 시대,9.23
1038,20181125,스타 이즈 본,9.16
1039,20181125,미쓰백,9.15
1040,20181125,타샤 튜더,9.13
1041,20181125,카메라를 멈추면 안 돼!,9.13
1042,20181125,패딩턴 2,9.1
1043,20181125,바울,9.09
1044,20181125,청설,9.01
1045,20181125,라빠르망,8.83
1046,20181125,델타 보이즈,8.79
1047,20181125,완벽한 타인,8.77
1048,20181125,신비아파트: 금빛 도깨비와 비밀의 동굴,8.75
1049,20181125,맨체스터 바이 더 씨,8.72
1050,20181125,해피 투게더,8.63
1051,20181125,플로리다 프로젝트,8.55
1052,20181125,팬텀 스레드,8.38
1053,20181125,그랜드 부다페스트 호텔,8.37
1054,20181125,셰이프 오브 워터: 사랑의 모양,8.36
1055,20181125,낮술,8.32
1056,20181125,너의 췌장을 먹고 싶어,8.32
1057,20181125,암수살인,8.31
1058,20181125,칠드런 오브 맨,8.26
1059,20181125,성난황소,8.15
1060,20181125,죄 많은 소녀,8.15
1061,20181125,하하하,8.1
1062,20181125,안시성,8.03
1063,20181125,베놈,8.01
1064,20181125,춘몽,8.0
1065,20181125,최악의 하루,7.83
1066,20181125,크레이지 리치 아시안,7.39
1067,20181125,퍼스트맨,6.95
1068,20181125,할로윈,6.57
1069,20181125,동네사람들,6.51
1070,20181125,신비한 동물들과 그린델왈드의 범죄,6.46
1071,20181125,펭귄 하이웨이,6.39
1072,20181125,창궐,5.19
1073,20181125,여곡성,4.57
1074,20181126,베일리 어게인,9.62
1075,20181126,보헤미안 랩소디,9.59
1076,20181126,폴란드로 간 아이들,9.47
1077,20181126,번 더 스테이지: 더 무비,9.41
1078,20181126,출국,9.37
1079,20181126,울지마 톤즈,9.34
1080,20181126,어느 가족,9.23
1081,20181126,극장판 헬로카봇 : 백악기 시대,9.23
1082,20181126,스타 이즈 본,9.16
1083,20181126,미쓰백,9.14
1084,20181126,타샤 튜더,9.13
1085,20181126,카메라를 멈추면 안 돼!,9.12
1086,20181126,패딩턴 2,9.1
1087,20181126,바울,9.1
1088,20181126,보디가드,9.02
1089,20181126,청설,9.01
1090,20181126,라빠르망,8.83
1091,20181126,델타 보이즈,8.79
1092,20181126,완벽한 타인,8.77
1093,20181126,신비아파트: 금빛 도깨비와 비밀의 동굴,8.75
1094,20181126,맨체스터 바이 더 씨,8.72
1095,20181126,해피 투게더,8.63
1096,20181126,팬텀 스레드,8.38
1097,20181126,그랜드 부다페스트 호텔,8.37
1098,20181126,셰이프 오브 워터: 사랑의 모양,8.36
1099,20181126,낮술,8.32
1100,20181126,암수살인,8.31
1101,20181126,너의 췌장을 먹고 싶어,8.3
1102,20181126,칠드런 오브 맨,8.26
1103,20181126,죄 많은 소녀,8.14
1104,20181126,성난황소,8.12
1105,20181126,하하하,8.1
1106,20181126,안시성,8.02
1107,20181126,베놈,8.01
1108,20181126,춘몽,8.0
1109,20181126,예수는 역사다,7.7
1110,20181126,크레이지 리치 아시안,7.34
1111,20181126,퍼스트맨,6.95
1112,20181126,할로윈,6.57
1113,20181126,동네사람들,6.49
1114,20181126,신비한 동물들과 그린델왈드의 범죄,6.46
1115,20181126,창궐,5.18
1116,20181126,여곡성,4.53
1117,20181127,베일리 어게인,9.62
1118,20181127,보헤미안 랩소디,9.59
1119,20181127,폴란드로 간 아이들,9.47
1120,20181127,번 더 스테이지: 더 무비,9.39
1121,20181127,출국,9.36
1122,20181127,울지마 톤즈,9.34
1123,20181127,극장판 헬로카봇 : 백악기 시대,9.23
1124,20181127,스타 이즈 본,9.16
1125,20181127,미쓰백,9.14
1126,20181127,타샤 튜더,9.13
1127,20181127,카메라를 멈추면 안 돼!,9.12
1128,20181127,패딩턴 2,9.1
1129,20181127,바울,9.1
1130,20181127,보디가드,9.02
1131,20181127,청설,9.01
1132,20181127,라빠르망,8.84
1133,20181127,델타 보이즈,8.79
1134,20181127,완벽한 타인,8.76
1135,20181127,신비아파트: 금빛 도깨비와 비밀의 동굴,8.75
1136,20181127,맨체스터 바이 더 씨,8.72
1137,20181127,해피 투게더,8.59
1138,20181127,팬텀 스레드,8.38
1139,20181127,그랜드 부다페스트 호텔,8.37
1140,20181127,셰이프 오브 워터: 사랑의 모양,8.36
1141,20181127,낮술,8.32
1142,20181127,너의 췌장을 먹고 싶어,8.32
1143,20181127,암수살인,8.31
1144,20181127,칠드런 오브 맨,8.26
1145,20181127,죄 많은 소녀,8.13
1146,20181127,하하하,8.1
1147,20181127,성난황소,8.07
1148,20181127,안시성,8.02
1149,20181127,베놈,8.01
1150,20181127,춘몽,8.0
1151,20181127,크레이지 리치 아시안,7.34
1152,20181127,퍼스트맨,6.94
1153,20181127,할로윈,6.57
1154,20181127,신비한 동물들과 그린델왈드의 범죄,6.46
1155,20181127,동네사람들,6.32
1156,20181127,창궐,5.18
1157,20181127,여곡성,4.5
1158,20181128,베일리 어게인,9.63
1159,20181128,보헤미안 랩소디,9.59
1160,20181128,폴란드로 간 아이들,9.47
1161,20181128,번 더 스테이지: 더 무비,9.39
1162,20181128,출국,9.36
1163,20181128,울지마 톤즈,9.34
1164,20181128,극장판 헬로카봇 : 백악기 시대,9.23
1165,20181128,스타 이즈 본,9.16
1166,20181128,미쓰백,9.14
1167,20181128,타샤 튜더,9.13
1168,20181128,카메라를 멈추면 안 돼!,9.12
1169,20181128,패딩턴 2,9.11
1170,20181128,바울,9.1
1171,20181128,보디가드,9.02
1172,20181128,청설,9.01
1173,20181128,라빠르망,8.84
1174,20181128,델타 보이즈,8.79
1175,20181128,완벽한 타인,8.76
1176,20181128,신비아파트: 금빛 도깨비와 비밀의 동굴,8.75
1177,20181128,맨체스터 바이 더 씨,8.72
1178,20181128,국가부도의 날,8.7
1179,20181128,해피 투게더,8.54
1180,20181128,팬텀 스레드,8.38
1181,20181128,그랜드 부다페스트 호텔,8.37
1182,20181128,셰이프 오브 워터: 사랑의 모양,8.36
1183,20181128,낮술,8.32
1184,20181128,너의 췌장을 먹고 싶어,8.27
1185,20181128,칠드런 오브 맨,8.26
1186,20181128,죄 많은 소녀,8.11
1187,20181128,하하하,8.1
1188,20181128,성난황소,8.07
1189,20181128,안시성,8.02
1190,20181128,춘몽,8.0
1191,20181128,크레이지 리치 아시안,7.33
1192,20181128,퍼스트맨,6.94
1193,20181128,신비한 동물들과 그린델왈드의 범죄,6.43
1194,20181128,동네사람들,6.17
1195,20181128,창궐,5.17
1196,20181128,여곡성,4.5
1197,20181129,베일리 어게인,9.63
1198,20181129,보헤미안 랩소디,9.58
1199,20181129,폴란드로 간 아이들,9.47
1200,20181129,번 더 스테이지: 더 무비,9.39
1201,20181129,울지마 톤즈,9.34
1202,20181129,출국,9.31
1203,20181129,"나, 다니엘 블레이크",9.24
1204,20181129,스타 이즈 본,9.16
1205,20181129,미쓰백,9.14
1206,20181129,타샤 튜더,9.13
1207,20181129,카메라를 멈추면 안 돼!,9.12
1208,20181129,패딩턴 2,9.11
1209,20181129,바울,9.1
1210,20181129,보디가드,9.02
1211,20181129,청설,9.01
1212,20181129,라빠르망,8.84
1213,20181129,델타 보이즈,8.79
1214,20181129,완벽한 타인,8.76
1215,20181129,더 포스트,8.75
1216,20181129,신비아파트: 금빛 도깨비와 비밀의 동굴,8.75
1217,20181129,맨체스터 바이 더 씨,8.72
1218,20181129,워크 투 리멤버,8.67
1219,20181129,국가부도의 날,8.63
1220,20181129,해피 투게더,8.4
1221,20181129,팬텀 스레드,8.38
1222,20181129,그랜드 부다페스트 호텔,8.37
1223,20181129,셰이프 오브 워터: 사랑의 모양,8.36
1224,20181129,낮술,8.32
1225,20181129,너의 췌장을 먹고 싶어,8.27
1226,20181129,칠드런 오브 맨,8.26
1227,20181129,죄 많은 소녀,8.11
1228,20181129,하하하,8.1
1229,20181129,성난황소,8.04
1230,20181129,안시성,8.02
1231,20181129,후드,8.0
1232,20181129,춘몽,8.0
1233,20181129,크레이지 리치 아시안,7.3
1234,20181129,퍼스트맨,6.94
1235,20181129,신비한 동물들과 그린델왈드의 범죄,6.42
1236,20181129,동네사람들,6.1
1237,20181129,창궐,5.17
1238,20181129,여곡성,4.48
1239,20181130,보헤미안 랩소디,9.58
1240,20181130,베일리 어게인,9.57
1241,20181130,폴란드로 간 아이들,9.45
1242,20181130,번 더 스테이지: 더 무비,9.4
1243,20181130,울지마 톤즈,9.34
1244,20181130,출국,9.27
1245,20181130,극장판 헬로카봇 : 백악기 시대,9.23
1246,20181130,바울,9.17
1247,20181130,스타 이즈 본,9.16
1248,20181130,미쓰백,9.14
1249,20181130,타샤 튜더,9.13
1250,20181130,카메라를 멈추면 안 돼!,9.12
1251,20181130,패딩턴 2,9.11
1252,20181130,보디가드,9.02
1253,20181130,청설,9.01
1254,20181130,델타 보이즈,8.79
1255,20181130,완벽한 타인,8.76
1256,20181130,더 포스트,8.75
1257,20181130,신비아파트: 금빛 도깨비와 비밀의 동굴,8.75
1258,20181130,맨체스터 바이 더 씨,8.72
1259,20181130,워크 투 리멤버,8.67
1260,20181130,국가부도의 날,8.55
1261,20181130,팬텀 스레드,8.38
1262,20181130,그랜드 부다페스트 호텔,8.37
1263,20181130,셰이프 오브 워터: 사랑의 모양,8.36
1264,20181130,낮술,8.32
1265,20181130,해피 투게더,8.3
1266,20181130,너의 췌장을 먹고 싶어,8.27
1267,20181130,칠드런 오브 맨,8.26
1268,20181130,죄 많은 소녀,8.11
1269,20181130,성난황소,8.04
1270,20181130,안시성,8.02
1271,20181130,춘몽,8.01
1272,20181130,후드,7.77
1273,20181130,크레이지 리치 아시안,7.3
1274,20181130,퍼스트맨,6.94
1275,20181130,원더풀 고스트,6.82
1276,20181130,신비한 동물들과 그린델왈드의 범죄,6.43
1277,20181130,동네사람들,6.03
1278,20181130,창궐,5.17
1279,20181130,여곡성,4.46
1280,20181201,보헤미안 랩소디,9.57
1281,20181201,베일리 어게인,9.55
1282,20181201,폴란드로 간 아이들,9.45
1283,20181201,번 더 스테이지: 더 무비,9.4
1284,20181201,울지마 톤즈,9.34
1285,20181201,어느 가족,9.23
1286,20181201,극장판 헬로카봇 : 백악기 시대,9.23
1287,20181201,출국,9.2
1288,20181201,바울,9.18
1289,20181201,스타 이즈 본,9.16
1290,20181201,미쓰백,9.14
1291,20181201,타샤 튜더,9.13
1292,20181201,카메라를 멈추면 안 돼!,9.12
1293,20181201,패딩턴 2,9.11
1294,20181201,보디가드,9.02
1295,20181201,청설,9.01
1296,20181201,완벽한 타인,8.76
1297,20181201,워크 투 리멤버,8.68
1298,20181201,국가부도의 날,8.43
1299,20181201,팬텀 스레드,8.38
1300,20181201,그랜드 부다페스트 호텔,8.37
1301,20181201,셰이프 오브 워터: 사랑의 모양,8.36
1302,20181201,너의 췌장을 먹고 싶어,8.28
1303,20181201,칠드런 오브 맨,8.26
1304,20181201,죄 많은 소녀,8.11
1305,20181201,성난황소,8.03
1306,20181201,후드,7.66
1307,20181201,크레이지 리치 아시안,7.31
1308,20181201,퍼스트맨,6.95
1309,20181201,원더풀 고스트,6.82
1310,20181201,신비한 동물들과 그린델왈드의 범죄,6.43
1311,20181201,동네사람들,5.97
1312,20181201,창궐,5.17
1313,20181201,여곡성,4.44
1314,20181202,보헤미안 랩소디,9.57
1315,20181202,베일리 어게인,9.56
1316,20181202,폴란드로 간 아이들,9.46
1317,20181202,번 더 스테이지: 더 무비,9.4
1318,20181202,울지마 톤즈,9.34
1319,20181202,어느 가족,9.23
1320,20181202,극장판 헬로카봇 : 백악기 시대,9.23
1321,20181202,바울,9.18
1322,20181202,스타 이즈 본,9.16
1323,20181202,미쓰백,9.14
1324,20181202,타샤 튜더,9.13
1325,20181202,카메라를 멈추면 안 돼!,9.12
1326,20181202,패딩턴 2,9.11
1327,20181202,출국,9.08
1328,20181202,보디가드,9.02
1329,20181202,청설,9.01
1330,20181202,완벽한 타인,8.75
1331,20181202,워크 투 리멤버,8.67
1332,20181202,국가부도의 날,8.42
1333,20181202,팬텀 스레드,8.38
1334,20181202,그랜드 부다페스트 호텔,8.38
1335,20181202,셰이프 오브 워터: 사랑의 모양,8.36
1336,20181202,너의 췌장을 먹고 싶어,8.28
1337,20181202,칠드런 오브 맨,8.26
1338,20181202,죄 많은 소녀,8.1
1339,20181202,성난황소,8.01
1340,20181202,후드,7.57
1341,20181202,크레이지 리치 아시안,7.29
1342,20181202,퍼스트맨,6.94
1343,20181202,원더풀 고스트,6.81
1344,20181202,신비한 동물들과 그린델왈드의 범죄,6.42
1345,20181202,동네사람들,5.92
1346,20181202,창궐,5.16
1347,20181202,여곡성,4.43
1348,20181203,베일리 어게인,9.57
1349,20181203,보헤미안 랩소디,9.57
1350,20181203,폴란드로 간 아이들,9.47
1351,20181203,번 더 스테이지: 더 무비,9.4
1352,20181203,울지마 톤즈,9.34
1353,20181203,어느 가족,9.23
1354,20181203,극장판 헬로카봇 : 백악기 시대,9.23
1355,20181203,바울,9.18
1356,20181203,스타 이즈 본,9.16
1357,20181203,미쓰백,9.13
1358,20181203,타샤 튜더,9.13
1359,20181203,카메라를 멈추면 안 돼!,9.13
1360,20181203,패딩턴 2,9.11
1361,20181203,휘트니,9.08
1362,20181203,보디가드,9.02
1363,20181203,청설,9.01
1364,20181203,출국,8.95
1365,20181203,완벽한 타인,8.75
1366,20181203,워크 투 리멤버,8.68
1367,20181203,국가부도의 날,8.4
1368,20181203,그랜드 부다페스트 호텔,8.38
1369,20181203,셰이프 오브 워터: 사랑의 모양,8.36
1370,20181203,너의 췌장을 먹고 싶어,8.29
1371,20181203,칠드런 오브 맨,8.26
1372,20181203,죄 많은 소녀,8.1
1373,20181203,성난황소,8.0
1374,20181203,후드,7.47
1375,20181203,크레이지 리치 아시안,7.28
1376,20181203,퍼스트맨,6.94
1377,20181203,신비한 동물들과 그린델왈드의 범죄,6.42
1378,20181203,동네사람들,5.87
1379,20181203,창궐,5.16
1380,20181203,여곡성,4.41
1381,20181204,보헤미안 랩소디,9.57
1382,20181204,베일리 어게인,9.56
1383,20181204,폴란드로 간 아이들,9.47
1384,20181204,번 더 스테이지: 더 무비,9.4
1385,20181204,울지마 톤즈,9.34
1386,20181204,어느 가족,9.23
1387,20181204,극장판 헬로카봇 : 백악기 시대,9.23
1388,20181204,8월의 크리스마스,9.23
1389,20181204,바울,9.17
1390,20181204,스타 이즈 본,9.16
1391,20181204,오베라는 남자,9.16
1392,20181204,미쓰백,9.13
1393,20181204,타샤 튜더,9.13
1394,20181204,카메라를 멈추면 안 돼!,9.12
1395,20181204,패딩턴 2,9.11
1396,20181204,휘트니,9.08
1397,20181204,보디가드,9.02
1398,20181204,비긴 어게인,9.02
1399,20181204,청설,9.01
1400,20181204,출국,8.92
1401,20181204,완벽한 타인,8.75
1402,20181204,더 포스트,8.75
1403,20181204,워크 투 리멤버,8.68
1404,20181204,라라랜드,8.59
1405,20181204,미드나잇 인 파리,8.54
1406,20181204,오두막,8.54
1407,20181204,거미줄에 걸린 소녀,8.53
1408,20181204,그랜드 부다페스트 호텔,8.38
1409,20181204,셰이프 오브 워터: 사랑의 모양,8.36
1410,20181204,국가부도의 날,8.35
1411,20181204,너의 췌장을 먹고 싶어,8.29
1412,20181204,칠드런 오브 맨,8.27
1413,20181204,죄 많은 소녀,8.1
1414,20181204,신이 보낸 사람,8.09
1415,20181204,성난황소,7.98
1416,20181204,후드,7.33
1417,20181204,크레이지 리치 아시안,7.26
1418,20181204,퍼스트맨,6.94
1419,20181204,신비한 동물들과 그린델왈드의 범죄,6.39
1420,20181204,동네사람들,5.83
1421,20181204,창궐,5.15
1422,20181204,여곡성,4.41
1423,20181205,보헤미안 랩소디,9.56
1424,20181205,베일리 어게인,9.55
1425,20181205,폴란드로 간 아이들,9.45
1426,20181205,울지마 톤즈,9.34
1427,20181205,시네마 천국,9.29
1428,20181205,어느 가족,9.23
1429,20181205,극장판 헬로카봇 : 백악기 시대,9.23
1430,20181205,8월의 크리스마스,9.23
1431,20181205,바울,9.16
1432,20181205,오베라는 남자,9.16
1433,20181205,스타 이즈 본,9.16
1434,20181205,타샤 튜더,9.13
1435,20181205,카메라를 멈추면 안 돼!,9.13
1436,20181205,패딩턴 2,9.11
1437,20181205,휘트니,9.08
1438,20181205,보디가드,9.02
1439,20181205,비긴 어게인,9.02
1440,20181205,청설,9.01
1441,20181205,바르다가 사랑한 얼굴들,8.91
1442,20181205,출국,8.89
1443,20181205,소공녀,8.88
1444,20181205,완벽한 타인,8.75
1445,20181205,브로크백 마운틴,8.68
1446,20181205,워크 투 리멤버,8.68
1447,20181205,라라랜드,8.59
1448,20181205,거미줄에 걸린 소녀,8.56
1449,20181205,플로리다 프로젝트,8.55
1450,20181205,미드나잇 인 파리,8.54
1451,20181205,오두막,8.54
1452,20181205,헤이트풀8,8.42
1453,20181205,그랜드 부다페스트 호텔,8.38
1454,20181205,셰이프 오브 워터: 사랑의 모양,8.36
1455,20181205,국가부도의 날,8.33
1456,20181205,패터슨,8.31
1457,20181205,너의 췌장을 먹고 싶어,8.29
1458,20181205,칠드런 오브 맨,8.27
1459,20181205,해피 투게더,8.09
1460,20181205,죄 많은 소녀,8.09
1461,20181205,신이 보낸 사람,8.09
1462,20181205,성난황소,7.98
1463,20181205,도어락,7.88
1464,20181205,후드,7.31
1465,20181205,크레이지 리치 아시안,7.25
1466,20181205,버닝,6.57
1467,20181205,신비한 동물들과 그린델왈드의 범죄,6.37
1468,20181205,모털 엔진,6.35
1469,20181205,동네사람들,5.8
1470,20181206,보헤미안 랩소디,9.56
1471,20181206,베일리 어게인,9.56
1472,20181206,폴란드로 간 아이들,9.45
1473,20181206,울지마 톤즈,9.34
1474,20181206,시네마 천국,9.29
1475,20181206,어느 가족,9.23
1476,20181206,극장판 헬로카봇 : 백악기 시대,9.23
1477,20181206,8월의 크리스마스,9.23
1478,20181206,바울,9.16
1479,20181206,오베라는 남자,9.16
1480,20181206,스타 이즈 본,9.16
1481,20181206,타샤 튜더,9.13
1482,20181206,카메라를 멈추면 안 돼!,9.12
1483,20181206,패딩턴 2,9.1
1484,20181206,휘트니,9.08
1485,20181206,보디가드,9.02
1486,20181206,비긴 어게인,9.02
1487,20181206,청설,9.01
1488,20181206,어거스트 러쉬,9.0
1489,20181206,바르다가 사랑한 얼굴들,8.91
1490,20181206,소공녀,8.88
1491,20181206,출국,8.88
1492,20181206,완벽한 타인,8.75
1493,20181206,브로크백 마운틴,8.68
1494,20181206,워크 투 리멤버,8.68
1495,20181206,라라랜드,8.59
1496,20181206,거미줄에 걸린 소녀,8.56
1497,20181206,플로리다 프로젝트,8.55
1498,20181206,미드나잇 인 파리,8.54
1499,20181206,오두막,8.54
1500,20181206,헤이트풀8,8.42
1501,20181206,그랜드 부다페스트 호텔,8.38
1502,20181206,팬텀 스레드,8.37
1503,20181206,셰이프 오브 워터: 사랑의 모양,8.36
1504,20181206,국가부도의 날,8.33
1505,20181206,패터슨,8.31
1506,20181206,너의 췌장을 먹고 싶어,8.29
1507,20181206,칠드런 오브 맨,8.27
1508,20181206,죄 많은 소녀,8.1
1509,20181206,신이 보낸 사람,8.09
1510,20181206,성난황소,7.98
1511,20181206,도어락,7.76
1512,20181206,후드,7.27
1513,20181206,크레이지 리치 아시안,7.26
1514,20181206,버닝,6.58
1515,20181206,모털 엔진,6.36
1516,20181206,신비한 동물들과 그린델왈드의 범죄,6.31
1517,20181207,베일리 어게인,9.56
1518,20181207,보헤미안 랩소디,9.56
1519,20181207,당갈,9.46
1520,20181207,폴란드로 간 아이들,9.46
1521,20181207,울지마 톤즈,9.34
1522,20181207,허스토리,9.31
1523,20181207,시네마 천국,9.29
1524,20181207,극장판 헬로카봇 : 백악기 시대,9.23
1525,20181207,어느 가족,9.23
1526,20181207,8월의 크리스마스,9.23
1527,20181207,오베라는 남자,9.16
1528,20181207,바울,9.16
1529,20181207,스타 이즈 본,9.15
1530,20181207,미쓰백,9.13
1531,20181207,타샤 튜더,9.13
1532,20181207,카메라를 멈추면 안 돼!,9.12
1533,20181207,패딩턴 2,9.1
1534,20181207,휘트니,9.08
1535,20181207,보디가드,9.02
1536,20181207,비긴 어게인,9.02
1537,20181207,청설,9.01
1538,20181207,싱 스트리트,9.01
1539,20181207,어거스트 러쉬,9.0
1540,20181207,바르다가 사랑한 얼굴들,8.91
1541,20181207,소공녀,8.89
1542,20181207,출국,8.87
1543,20181207,앙: 단팥 인생 이야기,8.79
1544,20181207,완벽한 타인,8.75
1545,20181207,브로크백 마운틴,8.68
1546,20181207,워크 투 리멤버,8.68
1547,20181207,라라랜드,8.59
1548,20181207,플로리다 프로젝트,8.55
1549,20181207,거미줄에 걸린 소녀,8.55
1550,20181207,미드나잇 인 파리,8.54
1551,20181207,오두막,8.54
1552,20181207,헤이트풀8,8.42
1553,20181207,그랜드 부다페스트 호텔,8.38
1554,20181207,팬텀 스레드,8.37
1555,20181207,셰이프 오브 워터: 사랑의 모양,8.36
1556,20181207,국가부도의 날,8.31
1557,20181207,패터슨,8.31
1558,20181207,너의 췌장을 먹고 싶어,8.3
1559,20181207,칠드런 오브 맨,8.27
1560,20181207,죄 많은 소녀,8.1
1561,20181207,신이 보낸 사람,8.09
1562,20181207,성난황소,7.97
1563,20181207,도어락,7.83
1564,20181207,독전,7.55
1565,20181207,호두까기 인형과 4개의 왕국,7.34
1566,20181207,후드,7.25
1567,20181208,베일리 어게인,9.56
1568,20181208,보헤미안 랩소디,9.56
1569,20181208,폴란드로 간 아이들,9.46
1570,20181208,당갈,9.46
1571,20181208,울지마 톤즈,9.34
1572,20181208,허스토리,9.31
1573,20181208,시네마 천국,9.29
1574,20181208,극장판 헬로카봇 : 백악기 시대,9.23
1575,20181208,어느 가족,9.23
1576,20181208,오베라는 남자,9.16
1577,20181208,바울,9.16
1578,20181208,스타 이즈 본,9.15
1579,20181208,타샤 튜더,9.13
1580,20181208,미쓰백,9.13
1581,20181208,카메라를 멈추면 안 돼!,9.12
1582,20181208,패딩턴 2,9.11
1583,20181208,휘트니,9.08
1584,20181208,보디가드,9.02
1585,20181208,비긴 어게인,9.02
1586,20181208,청설,9.01
1587,20181208,싱 스트리트,9.01
1588,20181208,어거스트 러쉬,9.0
1589,20181208,바르다가 사랑한 얼굴들,8.91
1590,20181208,소공녀,8.89
1591,20181208,출국,8.86
1592,20181208,앙: 단팥 인생 이야기,8.79
1593,20181208,완벽한 타인,8.75
1594,20181208,브로크백 마운틴,8.68
1595,20181208,워크 투 리멤버,8.68
1596,20181208,라라랜드,8.59
1597,20181208,런닝맨 : 풀룰루의 역습,8.58
1598,20181208,거미줄에 걸린 소녀,8.56
1599,20181208,플로리다 프로젝트,8.55
1600,20181208,오두막,8.54
1601,20181208,헤이트풀8,8.42
1602,20181208,그랜드 부다페스트 호텔,8.38
1603,20181208,팬텀 스레드,8.37
1604,20181208,셰이프 오브 워터: 사랑의 모양,8.36
1605,20181208,국가부도의 날,8.32
1606,20181208,패터슨,8.31
1607,20181208,너의 췌장을 먹고 싶어,8.3
1608,20181208,칠드런 오브 맨,8.27
1609,20181208,죄 많은 소녀,8.1
1610,20181208,성난황소,7.97
1611,20181208,도어락,7.65
1612,20181208,호두까기 인형과 4개의 왕국,7.63
1613,20181208,독전,7.55
1614,20181208,크레이지 리치 아시안,7.24
1615,20181208,후드,7.24
1616,20181208,유전,7.12
1617,20181209,보헤미안 랩소디,9.55
1618,20181209,베일리 어게인,9.55
1619,20181209,헌터 킬러,9.53
1620,20181209,당갈,9.45
1621,20181209,폴란드로 간 아이들,9.44
1622,20181209,울지마 톤즈,9.34
1623,20181209,허스토리,9.31
1624,20181209,시네마 천국,9.29
1625,20181209,극장판 헬로카봇 : 백악기 시대,9.23
1626,20181209,어느 가족,9.23
1627,20181209,바울,9.16
1628,20181209,스타 이즈 본,9.15
1629,20181209,타샤 튜더,9.14
1630,20181209,미쓰백,9.13
1631,20181209,카메라를 멈추면 안 돼!,9.11
1632,20181209,패딩턴 2,9.11
1633,20181209,휘트니,9.08
1634,20181209,보디가드,9.02
1635,20181209,싱 스트리트,9.01
1636,20181209,어거스트 러쉬,9.0
1637,20181209,바르다가 사랑한 얼굴들,8.91
1638,20181209,소공녀,8.89
1639,20181209,출국,8.86
1640,20181209,그렇게 아버지가 된다,8.83
1641,20181209,앙: 단팥 인생 이야기,8.79
1642,20181209,완벽한 타인,8.75
1643,20181209,바닷마을 다이어리,8.74
1644,20181209,브로크백 마운틴,8.68
1645,20181209,워크 투 리멤버,8.68
1646,20181209,진짜로 일어날지도 몰라 기적,8.66
1647,20181209,라라랜드,8.59
1648,20181209,거미줄에 걸린 소녀,8.59
1649,20181209,플로리다 프로젝트,8.56
1650,20181209,오두막,8.54
1651,20181209,헤이트풀8,8.42
1652,20181209,그랜드 부다페스트 호텔,8.38
1653,20181209,팬텀 스레드,8.37
1654,20181209,셰이프 오브 워터: 사랑의 모양,8.36
1655,20181209,국가부도의 날,8.33
1656,20181209,패터슨,8.31
1657,20181209,너의 췌장을 먹고 싶어,8.3
1658,20181209,칠드런 오브 맨,8.27
1659,20181209,죄 많은 소녀,8.1
1660,20181209,환상의 빛,8.0
1661,20181209,성난황소,7.97
1662,20181209,호두까기 인형과 4개의 왕국,7.63
1663,20181209,런닝맨 : 풀룰루의 역습,7.56
1664,20181209,독전,7.55
1665,20181209,도어락,7.5
1666,20181209,크레이지 리치 아시안,7.25
1667,20181210,베일리 어게인,9.55
1668,20181210,보헤미안 랩소디,9.55
1669,20181210,헌터 킬러,9.51
1670,20181210,당갈,9.45
1671,20181210,폴란드로 간 아이들,9.45
1672,20181210,허스토리,9.31
1673,20181210,빌리 엘리어트,9.29
1674,20181210,시네마 천국,9.29
1675,20181210,극장판 헬로카봇 : 백악기 시대,9.23
1676,20181210,어느 가족,9.23
1677,20181210,로마의 휴일,9.22
1678,20181210,바울,9.16
1679,20181210,스타 이즈 본,9.15
1680,20181210,타샤 튜더,9.14
1681,20181210,미쓰백,9.13
1682,20181210,카메라를 멈추면 안 돼!,9.12
1683,20181210,패딩턴 2,9.11
1684,20181210,휘트니,9.08
1685,20181210,보디가드,9.02
1686,20181210,싱 스트리트,9.01
1687,20181210,어거스트 러쉬,9.0
1688,20181210,바르다가 사랑한 얼굴들,8.91
1689,20181210,소공녀,8.89
1690,20181210,출국,8.85
1691,20181210,그렇게 아버지가 된다,8.83
1692,20181210,앙: 단팥 인생 이야기,8.79
1693,20181210,완벽한 타인,8.75
1694,20181210,바닷마을 다이어리,8.74
1695,20181210,브로크백 마운틴,8.68
1696,20181210,워크 투 리멤버,8.68
1697,20181210,진짜로 일어날지도 몰라 기적,8.66
1698,20181210,거미줄에 걸린 소녀,8.6
1699,20181210,라라랜드,8.59
1700,20181210,플로리다 프로젝트,8.56
1701,20181210,헤이트풀8,8.42
1702,20181210,그랜드 부다페스트 호텔,8.38
1703,20181210,팬텀 스레드,8.37
1704,20181210,셰이프 오브 워터: 사랑의 모양,8.36
1705,20181210,국가부도의 날,8.33
1706,20181210,패터슨,8.31
1707,20181210,너의 췌장을 먹고 싶어,8.31
1708,20181210,칠드런 오브 맨,8.27
1709,20181210,죄 많은 소녀,8.1
1710,20181210,환상의 빛,8.0
1711,20181210,성난황소,7.97
1712,20181210,호두까기 인형과 4개의 왕국,7.57
1713,20181210,독전,7.55
1714,20181210,런닝맨 : 풀룰루의 역습,7.45
1715,20181210,도어락,7.4
1716,20181210,크레이지 리치 아시안,7.25
1717,20181211,보헤미안 랩소디,9.54
1718,20181211,베일리 어게인,9.54
1719,20181211,헌터 킬러,9.52
1720,20181211,당갈,9.45
1721,20181211,폴란드로 간 아이들,9.45
1722,20181211,허스토리,9.31
1723,20181211,빌리 엘리어트,9.29
1724,20181211,시네마 천국,9.29
1725,20181211,극장판 헬로카봇 : 백악기 시대,9.23
1726,20181211,어느 가족,9.23
1727,20181211,로마의 휴일,9.22
1728,20181211,바울,9.17
1729,20181211,스타 이즈 본,9.15
1730,20181211,타샤 튜더,9.14
1731,20181211,미쓰백,9.13
1732,20181211,카메라를 멈추면 안 돼!,9.12
1733,20181211,패딩턴 2,9.11
1734,20181211,휘트니,9.08
1735,20181211,싱 스트리트,9.01
1736,20181211,어거스트 러쉬,9.0
1737,20181211,바르다가 사랑한 얼굴들,8.91
1738,20181211,소공녀,8.89
1739,20181211,출국,8.85
1740,20181211,그렇게 아버지가 된다,8.83
1741,20181211,앙: 단팥 인생 이야기,8.79
1742,20181211,완벽한 타인,8.75
1743,20181211,바닷마을 다이어리,8.74
1744,20181211,브로크백 마운틴,8.69
1745,20181211,워크 투 리멤버,8.68
1746,20181211,진짜로 일어날지도 몰라 기적,8.66
1747,20181211,거미줄에 걸린 소녀,8.6
1748,20181211,라라랜드,8.59
1749,20181211,플로리다 프로젝트,8.56
1750,20181211,헤이트풀8,8.42
1751,20181211,팬텀 스레드,8.36
1752,20181211,셰이프 오브 워터: 사랑의 모양,8.36
1753,20181211,국가부도의 날,8.32
1754,20181211,너의 췌장을 먹고 싶어,8.31
1755,20181211,패터슨,8.31
1756,20181211,칠드런 오브 맨,8.27
1757,20181211,죄 많은 소녀,8.1
1758,20181211,환상의 빛,8.0
1759,20181211,성난황소,7.97
1760,20181211,런닝맨 : 풀룰루의 역습,7.72
1761,20181211,독전,7.55
1762,20181211,호두까기 인형과 4개의 왕국,7.54
1763,20181211,도어락,7.32
1764,20181211,크레이지 리치 아시안,7.24
1765,20181211,후드,7.21
1766,20181211,유전,7.12
1767,20181212,보헤미안 랩소디,9.54
1768,20181212,베일리 어게인,9.53
1769,20181212,헌터 킬러,9.52
1770,20181212,당갈,9.45
1771,20181212,폴란드로 간 아이들,9.45
1772,20181212,스파이더맨: 뉴 유니버스,9.44
1773,20181212,허스토리,9.31
1774,20181212,빌리 엘리어트,9.29
1775,20181212,시네마 천국,9.29
1776,20181212,어느 가족,9.23
1777,20181212,로마의 휴일,9.22
1778,20181212,바울,9.17
1779,20181212,스타 이즈 본,9.16
1780,20181212,타샤 튜더,9.14
1781,20181212,미쓰백,9.13
1782,20181212,패딩턴 2,9.11
1783,20181212,카메라를 멈추면 안 돼!,9.11
1784,20181212,휘트니,9.08
1785,20181212,싱 스트리트,9.01
1786,20181212,어거스트 러쉬,9.0
1787,20181212,바르다가 사랑한 얼굴들,8.91
1788,20181212,소공녀,8.89
1789,20181212,출국,8.84
1790,20181212,그렇게 아버지가 된다,8.83
1791,20181212,앙: 단팥 인생 이야기,8.79
1792,20181212,완벽한 타인,8.75
1793,20181212,바닷마을 다이어리,8.74
1794,20181212,브로크백 마운틴,8.69
1795,20181212,워크 투 리멤버,8.68
1796,20181212,진짜로 일어날지도 몰라 기적,8.66
1797,20181212,거미줄에 걸린 소녀,8.61
1798,20181212,라라랜드,8.59
1799,20181212,플로리다 프로젝트,8.56
1800,20181212,헤이트풀8,8.42
1801,20181212,팬텀 스레드,8.36
1802,20181212,셰이프 오브 워터: 사랑의 모양,8.36
1803,20181212,국가부도의 날,8.32
1804,20181212,패터슨,8.31
1805,20181212,너의 췌장을 먹고 싶어,8.31
1806,20181212,칠드런 오브 맨,8.28
1807,20181212,죄 많은 소녀,8.1
1808,20181212,환상의 빛,8.0
1809,20181212,성난황소,7.96
1810,20181212,런닝맨 : 풀룰루의 역습,7.89
1811,20181212,트와일라잇,7.86
1812,20181212,코난 : 암흑의 시대,7.84
1813,20181212,독전,7.55
1814,20181212,호두까기 인형과 4개의 왕국,7.53
1815,20181212,도어락,7.23
1816,20181212,후드,7.22
1817,20181213,보헤미안 랩소디,9.54
1818,20181213,베일리 어게인,9.54
1819,20181213,헌터 킬러,9.52
1820,20181213,당갈,9.45
1821,20181213,폴란드로 간 아이들,9.45
1822,20181213,스파이더맨: 뉴 유니버스,9.36
1823,20181213,트루먼 쇼,9.32
1824,20181213,허스토리,9.31
1825,20181213,빌리 엘리어트,9.29
1826,20181213,시네마 천국,9.29
1827,20181213,어느 가족,9.23
1828,20181213,로마의 휴일,9.22
1829,20181213,러빙 빈센트,9.2
1830,20181213,파수꾼,9.19
1831,20181213,바울,9.16
1832,20181213,스타 이즈 본,9.16
1833,20181213,타샤 튜더,9.14
1834,20181213,미쓰백,9.13
1835,20181213,패딩턴 2,9.11
1836,20181213,카메라를 멈추면 안 돼!,9.11
1837,20181213,휘트니,9.08
1838,20181213,싱 스트리트,9.01
1839,20181213,어거스트 러쉬,9.0
1840,20181213,바르다가 사랑한 얼굴들,8.91
1841,20181213,소공녀,8.88
1842,20181213,출국,8.84
1843,20181213,그렇게 아버지가 된다,8.83
1844,20181213,앙: 단팥 인생 이야기,8.79
1845,20181213,완벽한 타인,8.75
1846,20181213,바닷마을 다이어리,8.74
1847,20181213,브로크백 마운틴,8.69
1848,20181213,워크 투 리멤버,8.68
1849,20181213,진짜로 일어날지도 몰라 기적,8.66
1850,20181213,거미줄에 걸린 소녀,8.6
1851,20181213,라라랜드,8.59
1852,20181213,플로리다 프로젝트,8.56
1853,20181213,헤이트풀8,8.42
1854,20181213,팬텀 스레드,8.36
1855,20181213,셰이프 오브 워터: 사랑의 모양,8.36
1856,20181213,너의 췌장을 먹고 싶어,8.31
1857,20181213,패터슨,8.31
1858,20181213,국가부도의 날,8.31
1859,20181213,칠드런 오브 맨,8.28
1860,20181213,죄 많은 소녀,8.09
1861,20181213,환상의 빛,8.0
1862,20181213,런닝맨 : 풀룰루의 역습,7.95
1863,20181213,성난황소,7.87
1864,20181213,트와일라잇,7.86
1865,20181213,코난 : 암흑의 시대,7.84
1866,20181213,호두까기 인형과 4개의 왕국,7.58
1867,20181214,베일리 어게인,9.54
1868,20181214,헌터 킬러,9.54
1869,20181214,보헤미안 랩소디,9.54
1870,20181214,당갈,9.45
1871,20181214,폴란드로 간 아이들,9.45
1872,20181214,트루먼 쇼,9.32
1873,20181214,허스토리,9.31
1874,20181214,빌리 엘리어트,9.29
1875,20181214,시네마 천국,9.29
1876,20181214,스파이더맨: 뉴 유니버스,9.27
1877,20181214,어느 가족,9.23
1878,20181214,로마의 휴일,9.22
1879,20181214,러빙 빈센트,9.2
1880,20181214,파수꾼,9.19
1881,20181214,스타 이즈 본,9.16
1882,20181214,바울,9.15
1883,20181214,타샤 튜더,9.14
1884,20181214,미쓰백,9.13
1885,20181214,패딩턴 2,9.11
1886,20181214,카메라를 멈추면 안 돼!,9.11
1887,20181214,어거스트 러쉬,9.0
1888,20181214,바르다가 사랑한 얼굴들,8.91
1889,20181214,소공녀,8.88
1890,20181214,출국,8.83
1891,20181214,그렇게 아버지가 된다,8.83
1892,20181214,앙: 단팥 인생 이야기,8.8
1893,20181214,완벽한 타인,8.75
1894,20181214,바닷마을 다이어리,8.74
1895,20181214,브로크백 마운틴,8.69
1896,20181214,워크 투 리멤버,8.68
1897,20181214,진짜로 일어날지도 몰라 기적,8.66
1898,20181214,걸어도 걸어도,8.63
1899,20181214,거미줄에 걸린 소녀,8.61
1900,20181214,태풍이 지나가고,8.6
1901,20181214,라라랜드,8.59
1902,20181214,플로리다 프로젝트,8.56
1903,20181214,헤이트풀8,8.42
1904,20181214,팬텀 스레드,8.36
1905,20181214,셰이프 오브 워터: 사랑의 모양,8.36
1906,20181214,너의 췌장을 먹고 싶어,8.32
1907,20181214,패터슨,8.31
1908,20181214,국가부도의 날,8.3
1909,20181214,칠드런 오브 맨,8.28
1910,20181214,죄 많은 소녀,8.09
1911,20181214,환상의 빛,8.0
1912,20181214,런닝맨 : 풀룰루의 역습,7.97
1913,20181214,트와일라잇,7.86
1914,20181214,코난 : 암흑의 시대,7.84
1915,20181214,성난황소,7.83
1916,20181214,세 번째 살인,7.76
1917,20181215,베일리 어게인,9.55
1918,20181215,헌터 킬러,9.54
1919,20181215,보헤미안 랩소디,9.53
1920,20181215,당갈,9.45
1921,20181215,폴란드로 간 아이들,9.45
1922,20181215,트루먼 쇼,9.32
1923,20181215,허스토리,9.31
1924,20181215,빌리 엘리어트,9.29
1925,20181215,시네마 천국,9.29
1926,20181215,어느 가족,9.23
1927,20181215,스파이더맨: 뉴 유니버스,9.22
1928,20181215,로마의 휴일,9.22
1929,20181215,러빙 빈센트,9.2
1930,20181215,파수꾼,9.19
1931,20181215,바울,9.16
1932,20181215,스타 이즈 본,9.15
1933,20181215,타샤 튜더,9.14
1934,20181215,미쓰백,9.13
1935,20181215,카메라를 멈추면 안 돼!,9.09
1936,20181215,어거스트 러쉬,9.0
1937,20181215,바르다가 사랑한 얼굴들,8.91
1938,20181215,소공녀,8.89
1939,20181215,그렇게 아버지가 된다,8.83
1940,20181215,출국,8.83
1941,20181215,앙: 단팥 인생 이야기,8.8
1942,20181215,완벽한 타인,8.75
1943,20181215,바닷마을 다이어리,8.74
1944,20181215,브로크백 마운틴,8.69
1945,20181215,워크 투 리멤버,8.68
1946,20181215,진짜로 일어날지도 몰라 기적,8.66
1947,20181215,걸어도 걸어도,8.63
1948,20181215,거미줄에 걸린 소녀,8.6
1949,20181215,태풍이 지나가고,8.6
1950,20181215,라라랜드,8.59
1951,20181215,플로리다 프로젝트,8.56
1952,20181215,헤이트풀8,8.42
1953,20181215,팬텀 스레드,8.36
1954,20181215,셰이프 오브 워터: 사랑의 모양,8.36
1955,20181215,패터슨,8.31
1956,20181215,너의 췌장을 먹고 싶어,8.3
1957,20181215,국가부도의 날,8.29
1958,20181215,칠드런 오브 맨,8.28
1959,20181215,죄 많은 소녀,8.09
1960,20181215,환상의 빛,8.0
1961,20181215,런닝맨 : 풀룰루의 역습,7.92
1962,20181215,트와일라잇,7.87
1963,20181215,코난 : 암흑의 시대,7.84
1964,20181215,성난황소,7.79
1965,20181215,세 번째 살인,7.76
1966,20181215,호두까기 인형과 4개의 왕국,7.57
1967,20181216,베일리 어게인,9.54
1968,20181216,보헤미안 랩소디,9.53
1969,20181216,헌터 킬러,9.47
1970,20181216,당갈,9.45
1971,20181216,폴란드로 간 아이들,9.44
1972,20181216,원더,9.41
1973,20181216,트루먼 쇼,9.32
1974,20181216,허스토리,9.31
1975,20181216,빌리 엘리어트,9.29
1976,20181216,시네마 천국,9.29
1977,20181216,어느 가족,9.23
1978,20181216,로마의 휴일,9.22
1979,20181216,러빙 빈센트,9.2
1980,20181216,파수꾼,9.19
1981,20181216,바울,9.15
1982,20181216,스타 이즈 본,9.15
1983,20181216,스파이더맨: 뉴 유니버스,9.15
1984,20181216,타샤 튜더,9.14
1985,20181216,미쓰백,9.12
1986,20181216,카메라를 멈추면 안 돼!,9.09
1987,20181216,어거스트 러쉬,9.0
1988,20181216,바르다가 사랑한 얼굴들,8.91
1989,20181216,소공녀,8.89
1990,20181216,그렇게 아버지가 된다,8.83
1991,20181216,출국,8.83
1992,20181216,앙: 단팥 인생 이야기,8.8
1993,20181216,완벽한 타인,8.75
1994,20181216,바닷마을 다이어리,8.74
1995,20181216,브로크백 마운틴,8.69
1996,20181216,워크 투 리멤버,8.68
1997,20181216,진짜로 일어날지도 몰라 기적,8.66
1998,20181216,걸어도 걸어도,8.63
1999,20181216,거미줄에 걸린 소녀,8.61
2000,20181216,태풍이 지나가고,8.6
2001,20181216,라라랜드,8.59
2002,20181216,플로리다 프로젝트,8.56
2003,20181216,헤이트풀8,8.42
2004,20181216,팬텀 스레드,8.36
2005,20181216,셰이프 오브 워터: 사랑의 모양,8.36
2006,20181216,패터슨,8.31
2007,20181216,너의 췌장을 먹고 싶어,8.3
2008,20181216,국가부도의 날,8.29
2009,20181216,죄 많은 소녀,8.09
2010,20181216,부탁 하나만 들어줘,8.06
2011,20181216,환상의 빛,8.0
2012,20181216,트와일라잇,7.87
2013,20181216,런닝맨 : 풀룰루의 역습,7.85
2014,20181216,코난 : 암흑의 시대,7.84
2015,20181216,세 번째 살인,7.76
2016,20181216,성난황소,7.75
2017,20181217,베일리 어게인,9.54
2018,20181217,보헤미안 랩소디,9.52
2019,20181217,헌터 킬러,9.46
2020,20181217,당갈,9.45
2021,20181217,폴란드로 간 아이들,9.42
2022,20181217,원더,9.41
2023,20181217,트루먼 쇼,9.32
2024,20181217,허스토리,9.31
2025,20181217,빌리 엘리어트,9.29
2026,20181217,시네마 천국,9.28
2027,20181217,어느 가족,9.23
2028,20181217,로마의 휴일,9.22
2029,20181217,러빙 빈센트,9.2
2030,20181217,파수꾼,9.19
2031,20181217,스타 이즈 본,9.15
2032,20181217,바울,9.15
2033,20181217,타샤 튜더,9.13
2034,20181217,스파이더맨: 뉴 유니버스,9.13
2035,20181217,미쓰백,9.12
2036,20181217,카메라를 멈추면 안 돼!,9.09
2037,20181217,어거스트 러쉬,9.0
2038,20181217,바르다가 사랑한 얼굴들,8.91
2039,20181217,소공녀,8.89
2040,20181217,그렇게 아버지가 된다,8.83
2041,20181217,출국,8.83
2042,20181217,앙: 단팥 인생 이야기,8.8
2043,20181217,완벽한 타인,8.75
2044,20181217,바닷마을 다이어리,8.74
2045,20181217,브로크백 마운틴,8.69
2046,20181217,워크 투 리멤버,8.68
2047,20181217,진짜로 일어날지도 몰라 기적,8.66
2048,20181217,걸어도 걸어도,8.63
2049,20181217,거미줄에 걸린 소녀,8.61
2050,20181217,태풍이 지나가고,8.6
2051,20181217,라라랜드,8.59
2052,20181217,플로리다 프로젝트,8.56
2053,20181217,7년-그들이 없는 언론,8.52
2054,20181217,헤이트풀8,8.43
2055,20181217,팬텀 스레드,8.37
2056,20181217,패터슨,8.31
2057,20181217,너의 췌장을 먹고 싶어,8.31
2058,20181217,국가부도의 날,8.29
2059,20181217,죄 많은 소녀,8.09
2060,20181217,부탁 하나만 들어줘,8.08
2061,20181217,환상의 빛,8.0
2062,20181217,트와일라잇,7.87
2063,20181217,코난 : 암흑의 시대,7.84
2064,20181217,런닝맨 : 풀룰루의 역습,7.8
2065,20181217,세 번째 살인,7.76
2066,20181217,성난황소,7.74
2067,20181218,베일리 어게인,9.53
2068,20181218,보헤미안 랩소디,9.52
2069,20181218,헌터 킬러,9.45
2070,20181218,당갈,9.45
2071,20181218,폴란드로 간 아이들,9.42
2072,20181218,트루먼 쇼,9.32
2073,20181218,빌리 엘리어트,9.29
2074,20181218,시네마 천국,9.28
2075,20181218,어느 가족,9.23
2076,20181218,킹 오브 프리즘 프라이드 더 히어로,9.2
2077,20181218,러빙 빈센트,9.2
2078,20181218,파수꾼,9.19
2079,20181218,킹 오브 프리즘,9.17
2080,20181218,로마,9.16
2081,20181218,스타 이즈 본,9.15
2082,20181218,바울,9.15
2083,20181218,스파이더맨: 뉴 유니버스,9.14
2084,20181218,타샤 튜더,9.13
2085,20181218,미쓰백,9.12
2086,20181218,카메라를 멈추면 안 돼!,9.08
2087,20181218,어거스트 러쉬,9.0
2088,20181218,바르다가 사랑한 얼굴들,8.91
2089,20181218,소공녀,8.89
2090,20181218,그렇게 아버지가 된다,8.83
2091,20181218,출국,8.83
2092,20181218,완벽한 타인,8.75
2093,20181218,바닷마을 다이어리,8.74
2094,20181218,브로크백 마운틴,8.69
2095,20181218,워크 투 리멤버,8.68
2096,20181218,진짜로 일어날지도 몰라 기적,8.66
2097,20181218,걸어도 걸어도,8.63
2098,20181218,거미줄에 걸린 소녀,8.62
2099,20181218,태풍이 지나가고,8.6
2100,20181218,라라랜드,8.59
2101,20181218,플로리다 프로젝트,8.56
2102,20181218,7년-그들이 없는 언론,8.52
2103,20181218,헤이트풀8,8.43
2104,20181218,팬텀 스레드,8.37
2105,20181218,너의 췌장을 먹고 싶어,8.31
2106,20181218,패터슨,8.31
2107,20181218,국가부도의 날,8.29
2108,20181218,죄 많은 소녀,8.09
2109,20181218,부탁 하나만 들어줘,8.06
2110,20181218,환상의 빛,8.0
2111,20181218,트와일라잇,7.87
2112,20181218,코난 : 암흑의 시대,7.84
2113,20181218,런닝맨 : 풀룰루의 역습,7.81
2114,20181218,세 번째 살인,7.76
2115,20181218,성난황소,7.72
2116,20181218,독전,7.55
2117,20181219,베일리 어게인,9.53
2118,20181219,보헤미안 랩소디,9.52
2119,20181219,당갈,9.45
2120,20181219,헌터 킬러,9.45
2121,20181219,폴란드로 간 아이들,9.42
2122,20181219,트루먼 쇼,9.32
2123,20181219,빌리 엘리어트,9.29
2124,20181219,시네마 천국,9.28
2125,20181219,어느 가족,9.23
2126,20181219,킹 오브 프리즘 프라이드 더 히어로,9.2
2127,20181219,러빙 빈센트,9.2
2128,20181219,핵소 고지,9.2
2129,20181219,킹 오브 프리즘,9.17
2130,20181219,바울,9.16
2131,20181219,스타 이즈 본,9.15
2132,20181219,로마,9.15
2133,20181219,스파이더맨: 뉴 유니버스,9.14
2134,20181219,타샤 튜더,9.13
2135,20181219,카메라를 멈추면 안 돼!,9.08
2136,20181219,어거스트 러쉬,9.0
2137,20181219,바르다가 사랑한 얼굴들,8.91
2138,20181219,소공녀,8.88
2139,20181219,스윙키즈,8.87
2140,20181219,그렇게 아버지가 된다,8.83
2141,20181219,출국,8.82
2142,20181219,바닷마을 다이어리,8.74
2143,20181219,완벽한 타인,8.74
2144,20181219,브로크백 마운틴,8.69
2145,20181219,워크 투 리멤버,8.68
2146,20181219,진짜로 일어날지도 몰라 기적,8.66
2147,20181219,걸어도 걸어도,8.63
2148,20181219,거미줄에 걸린 소녀,8.61
2149,20181219,태풍이 지나가고,8.6
2150,20181219,라라랜드,8.59
2151,20181219,플로리다 프로젝트,8.56
2152,20181219,아쿠아맨,8.53
2153,20181219,7년-그들이 없는 언론,8.52
2154,20181219,헤이트풀8,8.43
2155,20181219,그랜드 부다페스트 호텔,8.38
2156,20181219,팬텀 스레드,8.37
2157,20181219,너의 췌장을 먹고 싶어,8.31
2158,20181219,패터슨,8.31
2159,20181219,국가부도의 날,8.28
2160,20181219,죄 많은 소녀,8.07
2161,20181219,부탁 하나만 들어줘,8.07
2162,20181219,환상의 빛,8.0
2163,20181219,트와일라잇,7.87
2164,20181219,코난 : 암흑의 시대,7.84
2165,20181219,런닝맨 : 풀룰루의 역습,7.8
2166,20181219,세 번째 살인,7.76
2167,20181220,베일리 어게인,9.54
2168,20181220,보헤미안 랩소디,9.52
2169,20181220,당갈,9.45
2170,20181220,헌터 킬러,9.44
2171,20181220,폴란드로 간 아이들,9.42
2172,20181220,트루먼 쇼,9.32
2173,20181220,빌리 엘리어트,9.29
2174,20181220,시네마 천국,9.28
2175,20181220,어느 가족,9.23
2176,20181220,킹 오브 프리즘 프라이드 더 히어로,9.2
2177,20181220,러빙 빈센트,9.2
2178,20181220,핵소 고지,9.2
2179,20181220,킹 오브 프리즘,9.17
2180,20181220,로마,9.16
2181,20181220,스타 이즈 본,9.16
2182,20181220,바울,9.16
2183,20181220,스파이더맨: 뉴 유니버스,9.15
2184,20181220,타샤 튜더,9.13
2185,20181220,카메라를 멈추면 안 돼!,9.08
2186,20181220,어거스트 러쉬,9.0
2187,20181220,바르다가 사랑한 얼굴들,8.91
2188,20181220,소공녀,8.88
2189,20181220,그렇게 아버지가 된다,8.83
2190,20181220,출국,8.82
2191,20181220,바닷마을 다이어리,8.74
2192,20181220,완벽한 타인,8.73
2193,20181220,브로크백 마운틴,8.69
2194,20181220,스윙키즈,8.69
2195,20181220,진짜로 일어날지도 몰라 기적,8.66
2196,20181220,걸어도 걸어도,8.63
2197,20181220,거미줄에 걸린 소녀,8.62
2198,20181220,태풍이 지나가고,8.6
2199,20181220,라라랜드,8.59
2200,20181220,아쿠아맨,8.59
2201,20181220,플로리다 프로젝트,8.56
2202,20181220,7년-그들이 없는 언론,8.52
2203,20181220,헤이트풀8,8.43
2204,20181220,그랜드 부다페스트 호텔,8.38
2205,20181220,팬텀 스레드,8.37
2206,20181220,너의 췌장을 먹고 싶어,8.31
2207,20181220,패터슨,8.31
2208,20181220,국가부도의 날,8.28
2209,20181220,부탁 하나만 들어줘,8.06
2210,20181220,환상의 빛,8.0
2211,20181220,트와일라잇,7.87
2212,20181220,런닝맨 : 풀룰루의 역습,7.79
2213,20181220,세 번째 살인,7.76
2214,20181220,성난황소,7.7
2215,20181220,독전,7.55
2216,20181220,호두까기 인형과 4개의 왕국,7.49
2217,20181221,베일리 어게인,9.54
2218,20181221,보헤미안 랩소디,9.52
2219,20181221,당갈,9.45
2220,20181221,헌터 킬러,9.45
2221,20181221,폴란드로 간 아이들,9.42
2222,20181221,트루먼 쇼,9.32
2223,20181221,빌리 엘리어트,9.29
2224,20181221,시네마 천국,9.28
2225,20181221,어느 가족,9.23
2226,20181221,킹 오브 프리즘 프라이드 더 히어로,9.2
2227,20181221,러빙 빈센트,9.2
2228,20181221,핵소 고지,9.2
2229,20181221,킹 오브 프리즘,9.17
2230,20181221,바울,9.16
2231,20181221,스파이더맨: 뉴 유니버스,9.16
2232,20181221,스타 이즈 본,9.16
2233,20181221,로마,9.14
2234,20181221,타샤 튜더,9.13
2235,20181221,카메라를 멈추면 안 돼!,9.07
2236,20181221,어거스트 러쉬,9.0
2237,20181221,진링의 13소녀,8.99
2238,20181221,바르다가 사랑한 얼굴들,8.91
2239,20181221,소공녀,8.89
2240,20181221,그렇게 아버지가 된다,8.83
2241,20181221,출국,8.81
2242,20181221,바닷마을 다이어리,8.74
2243,20181221,완벽한 타인,8.72
2244,20181221,브로크백 마운틴,8.69
2245,20181221,진짜로 일어날지도 몰라 기적,8.66
2246,20181221,걸어도 걸어도,8.63
2247,20181221,거미줄에 걸린 소녀,8.63
2248,20181221,태풍이 지나가고,8.6
2249,20181221,라라랜드,8.59
2250,20181221,플로리다 프로젝트,8.56
2251,20181221,아쿠아맨,8.55
2252,20181221,스윙키즈,8.55
2253,20181221,7년-그들이 없는 언론,8.52
2254,20181221,헤이트풀8,8.43
2255,20181221,그랜드 부다페스트 호텔,8.38
2256,20181221,팬텀 스레드,8.37
2257,20181221,너의 췌장을 먹고 싶어,8.32
2258,20181221,패터슨,8.31
2259,20181221,국가부도의 날,8.28
2260,20181221,부탁 하나만 들어줘,8.06
2261,20181221,환상의 빛,8.0
2262,20181221,트와일라잇,7.87
2263,20181221,런닝맨 : 풀룰루의 역습,7.78
2264,20181221,세 번째 살인,7.76
2265,20181221,성난황소,7.69
2266,20181221,호두까기 인형과 4개의 왕국,7.47
2267,20181222,베일리 어게인,9.54
2268,20181222,보헤미안 랩소디,9.51
2269,20181222,헌터 킬러,9.45
2270,20181222,폴란드로 간 아이들,9.42
2271,20181222,트루먼 쇼,9.32
2272,20181222,빌리 엘리어트,9.29
2273,20181222,시네마 천국,9.28
2274,20181222,어느 가족,9.23
2275,20181222,킹 오브 프리즘 프라이드 더 히어로,9.2
2276,20181222,러빙 빈센트,9.2
2277,20181222,킹 오브 프리즘,9.17
2278,20181222,스파이더맨: 뉴 유니버스,9.17
2279,20181222,스타 이즈 본,9.16
2280,20181222,바울,9.16
2281,20181222,타샤 튜더,9.13
2282,20181222,로마,9.13
2283,20181222,카메라를 멈추면 안 돼!,9.07
2284,20181222,어거스트 러쉬,9.0
2285,20181222,진링의 13소녀,8.99
2286,20181222,바르다가 사랑한 얼굴들,8.91
2287,20181222,소공녀,8.89
2288,20181222,그린치,8.88
2289,20181222,그렇게 아버지가 된다,8.83
2290,20181222,출국,8.81
2291,20181222,바닷마을 다이어리,8.74
2292,20181222,완벽한 타인,8.71
2293,20181222,브로크백 마운틴,8.69
2294,20181222,진짜로 일어날지도 몰라 기적,8.66
2295,20181222,걸어도 걸어도,8.63
2296,20181222,거미줄에 걸린 소녀,8.63
2297,20181222,태풍이 지나가고,8.6
2298,20181222,라라랜드,8.59
2299,20181222,아쿠아맨,8.56
2300,20181222,플로리다 프로젝트,8.56
2301,20181222,스윙키즈,8.56
2302,20181222,7년-그들이 없는 언론,8.52
2303,20181222,헤이트풀8,8.43
2304,20181222,그랜드 부다페스트 호텔,8.38
2305,20181222,팬텀 스레드,8.37
2306,20181222,너의 췌장을 먹고 싶어,8.34
2307,20181222,패터슨,8.31
2308,20181222,국가부도의 날,8.28
2309,20181222,부탁 하나만 들어줘,8.03
2310,20181222,환상의 빛,8.0
2311,20181222,트와일라잇,7.87
2312,20181222,런닝맨 : 풀룰루의 역습,7.78
2313,20181222,세 번째 살인,7.76
2314,20181222,성난황소,7.68
2315,20181222,점박이 : 한반도의 공룡3D,7.63
2316,20181222,호두까기 인형과 4개의 왕국,7.46
2317,20181223,베일리 어게인,9.54
2318,20181223,보헤미안 랩소디,9.51
2319,20181223,헌터 킬러,9.46
2320,20181223,폴란드로 간 아이들,9.42
2321,20181223,트루먼 쇼,9.32
2322,20181223,빌리 엘리어트,9.29
2323,20181223,시네마 천국,9.28
2324,20181223,어느 가족,9.23
2325,20181223,러빙 빈센트,9.2
2326,20181223,스파이더맨: 뉴 유니버스,9.17
2327,20181223,바울,9.16
2328,20181223,스타 이즈 본,9.15
2329,20181223,타샤 튜더,9.13
2330,20181223,로마,9.12
2331,20181223,카메라를 멈추면 안 돼!,9.07
2332,20181223,어거스트 러쉬,9.0
2333,20181223,진링의 13소녀,8.99
2334,20181223,러브 액츄얼리,8.98
2335,20181223,바르다가 사랑한 얼굴들,8.91
2336,20181223,소공녀,8.89
2337,20181223,출국,8.81
2338,20181223,완벽한 타인,8.71
2339,20181223,브로크백 마운틴,8.69
2340,20181223,진짜로 일어날지도 몰라 기적,8.66
2341,20181223,거미줄에 걸린 소녀,8.64
2342,20181223,걸어도 걸어도,8.63
2343,20181223,스윙키즈,8.6
2344,20181223,라라랜드,8.59
2345,20181223,아쿠아맨,8.57
2346,20181223,그린치,8.56
2347,20181223,플로리다 프로젝트,8.56
2348,20181223,7년-그들이 없는 언론,8.52
2349,20181223,헤이트풀8,8.43
2350,20181223,팬텀 스레드,8.38
2351,20181223,너의 췌장을 먹고 싶어,8.37
2352,20181223,패터슨,8.31
2353,20181223,국가부도의 날,8.28
2354,20181223,부탁 하나만 들어줘,8.04
2355,20181223,환상의 빛,8.0
2356,20181223,트와일라잇,7.87
2357,20181223,런닝맨 : 풀룰루의 역습,7.79
2358,20181223,세 번째 살인,7.75
2359,20181223,성난황소,7.68
2360,20181223,점박이 : 한반도의 공룡3D,7.63
2361,20181223,호두까기 인형과 4개의 왕국,7.46
2362,20181223,마약왕,7.05
2363,20181223,도어락,6.85
2364,20181223,나쁜 나라,6.49
2365,20181223,모털 엔진,6.45
2366,20181223,두 개의 문,5.15
2367,20181224,베일리 어게인,9.55
2368,20181224,보헤미안 랩소디,9.51
2369,20181224,헌터 킬러,9.46
2370,20181224,폴란드로 간 아이들,9.42
2371,20181224,트루먼 쇼,9.32
2372,20181224,빌리 엘리어트,9.29
2373,20181224,시네마 천국,9.28
2374,20181224,러빙 빈센트,9.2
2375,20181224,스파이더맨: 뉴 유니버스,9.18
2376,20181224,바울,9.16
2377,20181224,스타 이즈 본,9.16
2378,20181224,타샤 튜더,9.13
2379,20181224,히트,9.1
2380,20181224,로마,9.09
2381,20181224,카메라를 멈추면 안 돼!,9.06
2382,20181224,어거스트 러쉬,9.0
2383,20181224,진링의 13소녀,8.99
2384,20181224,러브 액츄얼리,8.98
2385,20181224,소공녀,8.88
2386,20181224,출국,8.81
2387,20181224,완벽한 타인,8.7
2388,20181224,브로크백 마운틴,8.69
2389,20181224,거미줄에 걸린 소녀,8.63
2390,20181224,라라랜드,8.59
2391,20181224,스윙키즈,8.58
2392,20181224,7년-그들이 없는 언론,8.52
2393,20181224,아쿠아맨,8.52
2394,20181224,그린치,8.48
2395,20181224,팬텀 스레드,8.38
2396,20181224,패터슨,8.31
2397,20181224,국가부도의 날,8.28
2398,20181224,부탁 하나만 들어줘,8.05
2399,20181224,트와일라잇,7.87
2400,20181224,런닝맨 : 풀룰루의 역습,7.79
2401,20181224,성난황소,7.67
2402,20181224,점박이 : 한반도의 공룡3D,7.63
2403,20181224,호두까기 인형과 4개의 왕국,7.44
2404,20181224,마약왕,6.98
2405,20181224,도어락,6.82
2406,20181224,나쁜 나라,6.49
2407,20181224,모털 엔진,6.45
2408,20181224,두 개의 문,5.15
2409,20181224,리벤져,5.11
2410,20181224,천안함 프로젝트,4.33
2411,20181225,베일리 어게인,9.54
2412,20181225,보헤미안 랩소디,9.51
2413,20181225,헌터 킬러,9.45
2414,20181225,폴란드로 간 아이들,9.42
2415,20181225,트루먼 쇼,9.32
2416,20181225,빌리 엘리어트,9.29
2417,20181225,시네마 천국,9.28
2418,20181225,인생 후르츠,9.28
2419,20181225,극장판 포켓몬스터 모두의 이야기,9.23
2420,20181225,러빙 빈센트,9.2
2421,20181225,스파이더맨: 뉴 유니버스,9.19
2422,20181225,바울,9.17
2423,20181225,스타 이즈 본,9.15
2424,20181225,타샤 튜더,9.14
2425,20181225,히트,9.1
2426,20181225,로마,9.09
2427,20181225,카메라를 멈추면 안 돼!,9.06
2428,20181225,어거스트 러쉬,9.0
2429,20181225,진링의 13소녀,8.99
2430,20181225,소공녀,8.88
2431,20181225,극장판 짱구는 못말려: 아뵤! 쿵후 보이즈 ~라면 대란~,8.83
2432,20181225,완벽한 타인,8.7
2433,20181225,브로크백 마운틴,8.69
2434,20181225,거미줄에 걸린 소녀,8.61
2435,20181225,라라랜드,8.59
2436,20181225,스윙키즈,8.58
2437,20181225,7년-그들이 없는 언론,8.52
2438,20181225,아쿠아맨,8.5
2439,20181225,그린치,8.44
2440,20181225,범블비,8.4
2441,20181225,팬텀 스레드,8.37
2442,20181225,패터슨,8.31
2443,20181225,국가부도의 날,8.28
2444,20181225,부탁 하나만 들어줘,8.01
2445,20181225,트와일라잇,7.87
2446,20181225,런닝맨 : 풀룰루의 역습,7.77
2447,20181225,성난황소,7.65
2448,20181225,호두까기 인형과 4개의 왕국,7.44
2449,20181225,마약왕,6.9
2450,20181225,도어락,6.71
2451,20181225,나쁜 나라,6.49
2452,20181225,모털 엔진,6.45
2453,20181225,두 개의 문,5.15
2454,20181225,리벤져,5.09
2455,20181225,천안함 프로젝트,4.33
2456,20181226,보헤미안 랩소디,9.51
2457,20181226,당갈,9.46
2458,20181226,헌터 킬러,9.44
2459,20181226,폴란드로 간 아이들,9.42
2460,20181226,트루먼 쇼,9.32
2461,20181226,점박이 한반도의 공룡2 : 새로운 낙원,9.32
2462,20181226,빌리 엘리어트,9.29
2463,20181226,인생 후르츠,9.25
2464,20181226,극장판 포켓몬스터 모두의 이야기,9.22
2465,20181226,러빙 빈센트,9.2
2466,20181226,스파이더맨: 뉴 유니버스,9.2
2467,20181226,바울,9.17
2468,20181226,스타 이즈 본,9.15
2469,20181226,타샤 튜더,9.14
2470,20181226,히트,9.1
2471,20181226,로마,9.07
2472,20181226,카메라를 멈추면 안 돼!,9.07
2473,20181226,어거스트 러쉬,9.0
2474,20181226,진링의 13소녀,8.99
2475,20181226,소공녀,8.88
2476,20181226,극장판 짱구는 못말려: 아뵤! 쿵후 보이즈 ~라면 대란~,8.81
2477,20181226,완벽한 타인,8.69
2478,20181226,브로크백 마운틴,8.69
2479,20181226,스윙키즈,8.54
2480,20181226,7년-그들이 없는 언론,8.52
2481,20181226,아쿠아맨,8.48
2482,20181226,그린치,8.42
2483,20181226,팬텀 스레드,8.36
2484,20181226,너의 췌장을 먹고 싶어,8.34
2485,20181226,패터슨,8.31
2486,20181226,국가부도의 날,8.28
2487,20181226,범블비,8.27
2488,20181226,부탁 하나만 들어줘,7.98
2489,20181226,트와일라잇,7.87
2490,20181226,런닝맨 : 풀룰루의 역습,7.77
2491,20181226,성난황소,7.65
2492,20181226,호두까기 인형과 4개의 왕국,7.43
2493,20181226,PMC: 더 벙커,7.17
2494,20181226,마약왕,6.81
2495,20181226,도어락,6.63
2496,20181226,나쁜 나라,6.49
2497,20181226,모털 엔진,6.45
2498,20181226,두 개의 문,5.15
2499,20181226,리벤져,5.09
2500,20181226,천안함 프로젝트,4.33
2501,20181227,베일리 어게인,9.54
2502,20181227,보헤미안 랩소디,9.51
2503,20181227,헌터 킬러,9.43
2504,20181227,폴란드로 간 아이들,9.42
2505,20181227,트루먼 쇼,9.32
2506,20181227,점박이 한반도의 공룡2 : 새로운 낙원,9.32
2507,20181227,빌리 엘리어트,9.29
2508,20181227,인생 후르츠,9.25
2509,20181227,극장판 포켓몬스터 모두의 이야기,9.22
2510,20181227,스파이더맨: 뉴 유니버스,9.2
2511,20181227,러빙 빈센트,9.2
2512,20181227,바울,9.17
2513,20181227,스타 이즈 본,9.15
2514,20181227,타샤 튜더,9.14
2515,20181227,히트,9.1
2516,20181227,로마,9.06
2517,20181227,카메라를 멈추면 안 돼!,9.05
2518,20181227,어거스트 러쉬,9.0
2519,20181227,진링의 13소녀,8.99
2520,20181227,극장판 짱구는 못말려: 아뵤! 쿵후 보이즈 ~라면 대란~,8.81
2521,20181227,완벽한 타인,8.69
2522,20181227,브로크백 마운틴,8.69
2523,20181227,스윙키즈,8.53
2524,20181227,7년-그들이 없는 언론,8.52
2525,20181227,아쿠아맨,8.47
2526,20181227,그린치,8.42
2527,20181227,팬텀 스레드,8.36
2528,20181227,너의 췌장을 먹고 싶어,8.32
2529,20181227,패터슨,8.31
2530,20181227,국가부도의 날,8.28
2531,20181227,범블비,8.21
2532,20181227,부탁 하나만 들어줘,7.99
2533,20181227,트와일라잇,7.87
2534,20181227,런닝맨 : 풀룰루의 역습,7.76
2535,20181227,점박이 : 한반도의 공룡3D,7.63
2536,20181227,호두까기 인형과 4개의 왕국,7.43
2537,20181227,마약왕,6.77
2538,20181227,PMC: 더 벙커,6.61
2539,20181227,도어락,6.59
2540,20181227,나쁜 나라,6.49
2541,20181227,두 개의 문,5.15
2542,20181227,천안함 프로젝트,4.34
2543,20181228,보헤미안 랩소디,9.5
2544,20181228,헌터 킬러,9.43
2545,20181228,폴란드로 간 아이들,9.42
2546,20181228,점박이 한반도의 공룡2 : 새로운 낙원,9.36
2547,20181228,트루먼 쇼,9.32
2548,20181228,극장판 포켓몬스터 모두의 이야기,9.23
2549,20181228,인생 후르츠,9.23
2550,20181228,스파이더맨: 뉴 유니버스,9.21
2551,20181228,러빙 빈센트,9.2
2552,20181228,바울,9.17
2553,20181228,스타 이즈 본,9.15
2554,20181228,타샤 튜더,9.14
2555,20181228,히트,9.1
2556,20181228,로마,9.07
2557,20181228,카메라를 멈추면 안 돼!,9.04
2558,20181228,어거스트 러쉬,9.0
2559,20181228,극장판 짱구는 못말려: 아뵤! 쿵후 보이즈 ~라면 대란~,8.8
2560,20181228,완벽한 타인,8.69
2561,20181228,브로크백 마운틴,8.69
2562,20181228,스윙키즈,8.52
2563,20181228,7년-그들이 없는 언론,8.52
2564,20181228,아쿠아맨,8.45
2565,20181228,그린치,8.4
2566,20181228,팬텀 스레드,8.36
2567,20181228,너의 췌장을 먹고 싶어,8.32
2568,20181228,패터슨,8.31
2569,20181228,국가부도의 날,8.28
2570,20181228,범블비,8.23
2571,20181228,부탁 하나만 들어줘,7.97
2572,20181228,트와일라잇,7.87
2573,20181228,런닝맨 : 풀룰루의 역습,7.76
2574,20181228,호두까기 인형과 4개의 왕국,7.43
2575,20181228,마약왕,6.75
2576,20181228,도어락,6.56
2577,20181228,나쁜 나라,6.49
2578,20181228,PMC: 더 벙커,6.23
2579,20181228,두 개의 문,5.15
2580,20181228,천안함 프로젝트,4.34
2581,20181229,보헤미안 랩소디,9.5
2582,20181229,헌터 킬러,9.43
2583,20181229,폴란드로 간 아이들,9.42
2584,20181229,점박이 한반도의 공룡2 : 새로운 낙원,9.33
2585,20181229,트루먼 쇼,9.32
2586,20181229,스파이더맨: 뉴 유니버스,9.21
2587,20181229,러빙 빈센트,9.2
2588,20181229,인생 후르츠,9.2
2589,20181229,바울,9.17
2590,20181229,극장판 포켓몬스터 모두의 이야기,9.16
2591,20181229,스타 이즈 본,9.15
2592,20181229,타샤 튜더,9.13
2593,20181229,히트,9.1
2594,20181229,로마,9.08
2595,20181229,카메라를 멈추면 안 돼!,9.03
2596,20181229,러브 오브 시베리아,9.02
2597,20181229,어거스트 러쉬,9.0
2598,20181229,극장판 짱구는 못말려: 아뵤! 쿵후 보이즈 ~라면 대란~,8.76
2599,20181229,브로크백 마운틴,8.69
2600,20181229,완벽한 타인,8.69
2601,20181229,스윙키즈,8.53
2602,20181229,7년-그들이 없는 언론,8.52
2603,20181229,아쿠아맨,8.44
2604,20181229,그린치,8.4
2605,20181229,팬텀 스레드,8.36
2606,20181229,너의 췌장을 먹고 싶어,8.33
2607,20181229,패터슨,8.31
2608,20181229,국가부도의 날,8.26
2609,20181229,범블비,8.18
2610,20181229,부탁 하나만 들어줘,7.97
2611,20181229,트와일라잇,7.87
2612,20181229,런닝맨 : 풀룰루의 역습,7.75
2613,20181229,호두까기 인형과 4개의 왕국,7.42
2614,20181229,마약왕,6.73
2615,20181229,도어락,6.51
2616,20181229,나쁜 나라,6.49
2617,20181229,PMC: 더 벙커,5.92
2618,20181229,두 개의 문,5.15
2619,20181229,천안함 프로젝트,4.33
2620,20181230,보헤미안 랩소디,9.5
2621,20181230,헌터 킬러,9.43
2622,20181230,폴란드로 간 아이들,9.42
2623,20181230,트루먼 쇼,9.32
2624,20181230,점박이 한반도의 공룡2 : 새로운 낙원,9.3
2625,20181230,스파이더맨: 뉴 유니버스,9.22
2626,20181230,러빙 빈센트,9.2
2627,20181230,인생 후르츠,9.19
2628,20181230,바울,9.17
2629,20181230,극장판 포켓몬스터 모두의 이야기,9.17
2630,20181230,스타 이즈 본,9.15
2631,20181230,타샤 튜더,9.13
2632,20181230,히트,9.1
2633,20181230,로마,9.09
2634,20181230,카메라를 멈추면 안 돼!,9.03
2635,20181230,러브 오브 시베리아,9.02
2636,20181230,어거스트 러쉬,9.0
2637,20181230,극장판 짱구는 못말려: 아뵤! 쿵후 보이즈 ~라면 대란~,8.79
2638,20181230,브로크백 마운틴,8.69
2639,20181230,완벽한 타인,8.68
2640,20181230,7년-그들이 없는 언론,8.52
2641,20181230,스윙키즈,8.52
2642,20181230,아쿠아맨,8.43
2643,20181230,그린치,8.39
2644,20181230,패터슨,8.31
2645,20181230,국가부도의 날,8.24
2646,20181230,범블비,8.16
2647,20181230,부탁 하나만 들어줘,7.96
2648,20181230,트와일라잇,7.87
2649,20181230,런닝맨 : 풀룰루의 역습,7.76
2650,20181230,호두까기 인형과 4개의 왕국,7.42
2651,20181230,마약왕,6.71
2652,20181230,나쁜 나라,6.49
2653,20181230,도어락,6.48
2654,20181230,PMC: 더 벙커,5.74
2655,20181230,두 개의 문,5.15
2656,20181230,천안함 프로젝트,4.33
2657,20181231,보헤미안 랩소디,9.5
2658,20181231,헌터 킬러,9.43
2659,20181231,폴란드로 간 아이들,9.42
2660,20181231,트루먼 쇼,9.32
2661,20181231,점박이 한반도의 공룡2 : 새로운 낙원,9.24
2662,20181231,스파이더맨: 뉴 유니버스,9.22
2663,20181231,러빙 빈센트,9.2
2664,20181231,바울,9.17
2665,20181231,극장판 포켓몬스터 모두의 이야기,9.17
2666,20181231,인생 후르츠,9.17
2667,20181231,스타 이즈 본,9.15
2668,20181231,타샤 튜더,9.14
2669,20181231,히트,9.1
2670,20181231,로마,9.07
2671,20181231,카메라를 멈추면 안 돼!,9.03
2672,20181231,러브 오브 시베리아,9.02
2673,20181231,어거스트 러쉬,9.0
2674,20181231,극장판 짱구는 못말려: 아뵤! 쿵후 보이즈 ~라면 대란~,8.78
2675,20181231,영주,8.68
2676,20181231,브로크백 마운틴,8.68
2677,20181231,완벽한 타인,8.68
2678,20181231,7년-그들이 없는 언론,8.52
2679,20181231,스윙키즈,8.52
2680,20181231,아쿠아맨,8.42
2681,20181231,그린치,8.39
2682,20181231,국가부도의 날,8.24
2683,20181231,범블비,8.16
2684,20181231,부탁 하나만 들어줘,7.97
2685,20181231,트와일라잇,7.87
2686,20181231,런닝맨 : 풀룰루의 역습,7.76
2687,20181231,호두까기 인형과 4개의 왕국,7.41
2688,20181231,마약왕,6.7
2689,20181231,나쁜 나라,6.49
2690,20181231,도어락,6.44
2691,20181231,PMC: 더 벙커,5.66
2692,20181231,두 개의 문,5.15
2693,20181231,천안함 프로젝트,4.33
2694,20190101,보헤미안 랩소디,9.49
2695,20190101,헌터 킬러,9.43
2696,20190101,폴란드로 간 아이들,9.42
2697,20190101,트루먼 쇼,9.32
2698,20190101,점박이 한반도의 공룡2 : 새로운 낙원,9.24
2699,20190101,스파이더맨: 뉴 유니버스,9.23
2700,20190101,러빙 빈센트,9.2
2701,20190101,바울,9.18
2702,20190101,인생 후르츠,9.17
2703,20190101,극장판 포켓몬스터 모두의 이야기,9.16
2704,20190101,스타 이즈 본,9.15
2705,20190101,타샤 튜더,9.14
2706,20190101,히트,9.1
2707,20190101,로마,9.07
2708,20190101,카메라를 멈추면 안 돼!,9.02
2709,20190101,러브 오브 시베리아,9.02
2710,20190101,어거스트 러쉬,9.0
2711,20190101,극장판 짱구는 못말려: 아뵤! 쿵후 보이즈 ~라면 대란~,8.78
2712,20190101,영주,8.68
2713,20190101,브로크백 마운틴,8.68
2714,20190101,완벽한 타인,8.68
2715,20190101,7년-그들이 없는 언론,8.52
2716,20190101,스윙키즈,8.5
2717,20190101,아쿠아맨,8.41
2718,20190101,그린치,8.36
2719,20190101,너의 췌장을 먹고 싶어,8.34
2720,20190101,국가부도의 날,8.23
2721,20190101,범블비,8.16
2722,20190101,부탁 하나만 들어줘,7.94
2723,20190101,트와일라잇,7.87
2724,20190101,런닝맨 : 풀룰루의 역습,7.76
2725,20190101,호두까기 인형과 4개의 왕국,7.39
2726,20190101,언니,6.77
2727,20190101,마약왕,6.69
2728,20190101,나쁜 나라,6.49
2729,20190101,도어락,6.41
2730,20190101,PMC: 더 벙커,5.57
2731,20190101,두 개의 문,5.15
2732,20190101,천안함 프로젝트,4.33
2733,20190102,보헤미안 랩소디,9.49
2734,20190102,폴란드로 간 아이들,9.42
2735,20190102,헌터 킬러,9.42
2736,20190102,트루먼 쇼,9.32
2737,20190102,스파이더맨: 뉴 유니버스,9.23
2738,20190102,점박이 한반도의 공룡2 : 새로운 낙원,9.23
2739,20190102,러빙 빈센트,9.2
2740,20190102,바울,9.17
2741,20190102,인생 후르츠,9.17
2742,20190102,극장판 포켓몬스터 모두의 이야기,9.16
2743,20190102,스타 이즈 본,9.15
2744,20190102,타샤 튜더,9.14
2745,20190102,로마,9.08
2746,20190102,러브 오브 시베리아,9.02
2747,20190102,카메라를 멈추면 안 돼!,9.02
2748,20190102,어거스트 러쉬,9.0
2749,20190102,극장판 짱구는 못말려: 아뵤! 쿵후 보이즈 ~라면 대란~,8.77
2750,20190102,영주,8.68
2751,20190102,브로크백 마운틴,8.68
2752,20190102,완벽한 타인,8.68
2753,20190102,7년-그들이 없는 언론,8.52
2754,20190102,스윙키즈,8.5
2755,20190102,아쿠아맨,8.41
2756,20190102,그린치,8.35
2757,20190102,너의 췌장을 먹고 싶어,8.34
2758,20190102,국가부도의 날,8.22
2759,20190102,범블비,8.18
2760,20190102,부탁 하나만 들어줘,7.94
2761,20190102,트와일라잇,7.87
2762,20190102,런닝맨 : 풀룰루의 역습,7.76
2763,20190102,호두까기 인형과 4개의 왕국,7.4
2764,20190102,언니,6.9
2765,20190102,마약왕,6.68
2766,20190102,도어락,6.38
2767,20190102,PMC: 더 벙커,5.52
2768,20190102,두 개의 문,5.15
2769,20190103,보헤미안 랩소디,9.49
2770,20190103,폴란드로 간 아이들,9.42
2771,20190103,헌터 킬러,9.41
2772,20190103,트루먼 쇼,9.32
2773,20190103,스파이더맨: 뉴 유니버스,9.24
2774,20190103,러빙 빈센트,9.2
2775,20190103,점박이 한반도의 공룡2 : 새로운 낙원,9.2
2776,20190103,바울,9.17
2777,20190103,인생 후르츠,9.16
2778,20190103,극장판 포켓몬스터 모두의 이야기,9.16
2779,20190103,스타 이즈 본,9.15
2780,20190103,타샤 튜더,9.14
2781,20190103,로마,9.08
2782,20190103,러브 오브 시베리아,9.02
2783,20190103,카메라를 멈추면 안 돼!,9.02
2784,20190103,어거스트 러쉬,9.0
2785,20190103,주먹왕 랄프 2: 인터넷 속으로,8.96
2786,20190103,극장판 짱구는 못말려: 아뵤! 쿵후 보이즈 ~라면 대란~,8.77
2787,20190103,영주,8.69
2788,20190103,브로크백 마운틴,8.68
2789,20190103,완벽한 타인,8.68
2790,20190103,스윙키즈,8.5
2791,20190103,아쿠아맨,8.39
2792,20190103,그린치,8.36
2793,20190103,너의 췌장을 먹고 싶어,8.33
2794,20190103,국가부도의 날,8.22
2795,20190103,범블비,8.16
2796,20190103,부탁 하나만 들어줘,7.92
2797,20190103,트와일라잇,7.87
2798,20190103,런닝맨 : 풀룰루의 역습,7.76
2799,20190103,호두까기 인형과 4개의 왕국,7.4
2800,20190103,군산: 거위를 노래하다,7.01
2801,20190103,언니,6.84
2802,20190103,마약왕,6.68
2803,20190103,도어락,6.37
2804,20190103,PMC: 더 벙커,5.5
2805,20190104,보헤미안 랩소디,9.49
2806,20190104,폴란드로 간 아이들,9.42
2807,20190104,헌터 킬러,9.41
2808,20190104,트루먼 쇼,9.32
2809,20190104,스파이더맨: 뉴 유니버스,9.23
2810,20190104,점박이 한반도의 공룡2 : 새로운 낙원,9.21
2811,20190104,러빙 빈센트,9.21
2812,20190104,바울,9.17
2813,20190104,인생 후르츠,9.16
2814,20190104,스타 이즈 본,9.15
2815,20190104,타샤 튜더,9.14
2816,20190104,극장판 포켓몬스터 모두의 이야기,9.13
2817,20190104,로마,9.09
2818,20190104,러브 오브 시베리아,9.02
2819,20190104,카메라를 멈추면 안 돼!,9.02
2820,20190104,어거스트 러쉬,9.0
2821,20190104,주먹왕 랄프 2: 인터넷 속으로,8.88
2822,20190104,극장판 짱구는 못말려: 아뵤! 쿵후 보이즈 ~라면 대란~,8.77
2823,20190104,영주,8.69
2824,20190104,브로크백 마운틴,8.68
2825,20190104,완벽한 타인,8.68
2826,20190104,스윙키즈,8.5
2827,20190104,아쿠아맨,8.39
2828,20190104,그린치,8.36
2829,20190104,너의 췌장을 먹고 싶어,8.33
2830,20190104,국가부도의 날,8.21
2831,20190104,범블비,8.17
2832,20190104,부탁 하나만 들어줘,7.93
2833,20190104,트와일라잇,7.87
2834,20190104,런닝맨 : 풀룰루의 역습,7.76
2835,20190104,호두까기 인형과 4개의 왕국,7.4
2836,20190104,군산: 거위를 노래하다,7.04
2837,20190104,언니,6.79
2838,20190104,마약왕,6.67
2839,20190104,도어락,6.36
2840,20190104,PMC: 더 벙커,5.48
2841,20190105,보헤미안 랩소디,9.49
2842,20190105,폴란드로 간 아이들,9.42
2843,20190105,헌터 킬러,9.41
2844,20190105,트루먼 쇼,9.32
2845,20190105,스파이더맨: 뉴 유니버스,9.24
2846,20190105,러빙 빈센트,9.21
2847,20190105,점박이 한반도의 공룡2 : 새로운 낙원,9.2
2848,20190105,바울,9.17
2849,20190105,인생 후르츠,9.16
2850,20190105,스타 이즈 본,9.15
2851,20190105,타샤 튜더,9.14
2852,20190105,극장판 포켓몬스터 모두의 이야기,9.12
2853,20190105,로마,9.09
2854,20190105,러브 오브 시베리아,9.02
2855,20190105,카메라를 멈추면 안 돼!,9.01
2856,20190105,어거스트 러쉬,9.0
2857,20190105,주먹왕 랄프 2: 인터넷 속으로,8.85
2858,20190105,극장판 짱구는 못말려: 아뵤! 쿵후 보이즈 ~라면 대란~,8.78
2859,20190105,영주,8.7
2860,20190105,브로크백 마운틴,8.68
2861,20190105,완벽한 타인,8.67
2862,20190105,스윙키즈,8.5
2863,20190105,아쿠아맨,8.39
2864,20190105,그린치,8.36
2865,20190105,너의 췌장을 먹고 싶어,8.34
2866,20190105,국가부도의 날,8.21
2867,20190105,범블비,8.16
2868,20190105,부탁 하나만 들어줘,7.91
2869,20190105,트와일라잇,7.87
2870,20190105,런닝맨 : 풀룰루의 역습,7.76
2871,20190105,호두까기 인형과 4개의 왕국,7.4
2872,20190105,군산: 거위를 노래하다,7.02
2873,20190105,언니,6.71
2874,20190105,마약왕,6.67
2875,20190105,도어락,6.35
2876,20190105,PMC: 더 벙커,5.42
2877,20190106,보헤미안 랩소디,9.48
2878,20190106,폴란드로 간 아이들,9.42
2879,20190106,헌터 킬러,9.41
2880,20190106,트루먼 쇼,9.32
2881,20190106,스파이더맨: 뉴 유니버스,9.24
2882,20190106,러빙 빈센트,9.2
2883,20190106,점박이 한반도의 공룡2 : 새로운 낙원,9.2
2884,20190106,바울,9.17
2885,20190106,인생 후르츠,9.15
2886,20190106,스타 이즈 본,9.15
2887,20190106,타샤 튜더,9.14
2888,20190106,로마,9.11
2889,20190106,극장판 포켓몬스터 모두의 이야기,9.1
2890,20190106,러브 오브 시베리아,9.02
2891,20190106,카메라를 멈추면 안 돼!,9.01
2892,20190106,어거스트 러쉬,9.0
2893,20190106,주먹왕 랄프 2: 인터넷 속으로,8.85
2894,20190106,극장판 짱구는 못말려: 아뵤! 쿵후 보이즈 ~라면 대란~,8.73
2895,20190106,브로크백 마운틴,8.68
2896,20190106,완벽한 타인,8.67
2897,20190106,영주,8.66
2898,20190106,스윙키즈,8.5
2899,20190106,아쿠아맨,8.38
2900,20190106,그랜드 부다페스트 호텔,8.38
2901,20190106,그린치,8.36
2902,20190106,국가부도의 날,8.2
2903,20190106,범블비,8.15
2904,20190106,부탁 하나만 들어줘,7.91
2905,20190106,런닝맨 : 풀룰루의 역습,7.75
2906,20190106,호두까기 인형과 4개의 왕국,7.4
2907,20190106,군산: 거위를 노래하다,7.0
2908,20190106,마약왕,6.66
2909,20190106,언니,6.65
2910,20190106,도어락,6.34
2911,20190106,PMC: 더 벙커,5.41
2912,20190107,보헤미안 랩소디,9.48
2913,20190107,폴란드로 간 아이들,9.42
2914,20190107,헌터 킬러,9.41
2915,20190107,트루먼 쇼,9.32
2916,20190107,스파이더맨: 뉴 유니버스,9.24
2917,20190107,러빙 빈센트,9.2
2918,20190107,점박이 한반도의 공룡2 : 새로운 낙원,9.17
2919,20190107,바울,9.17
2920,20190107,스타 이즈 본,9.15
2921,20190107,인생 후르츠,9.15
2922,20190107,타샤 튜더,9.14
2923,20190107,로마,9.11
2924,20190107,극장판 포켓몬스터 모두의 이야기,9.1
2925,20190107,카메라를 멈추면 안 돼!,9.0
2926,20190107,어거스트 러쉬,9.0
2927,20190107,주먹왕 랄프 2: 인터넷 속으로,8.8
2928,20190107,리즈와 파랑새,8.79
2929,20190107,극장판 짱구는 못말려: 아뵤! 쿵후 보이즈 ~라면 대란~,8.74
2930,20190107,김광석,8.72
2931,20190107,브로크백 마운틴,8.68
2932,20190107,완벽한 타인,8.67
2933,20190107,영주,8.62
2934,20190107,스윙키즈,8.51
2935,20190107,아쿠아맨,8.38
2936,20190107,그랜드 부다페스트 호텔,8.38
2937,20190107,그린치,8.37
2938,20190107,국가부도의 날,8.2
2939,20190107,범블비,8.16
2940,20190107,부탁 하나만 들어줘,7.9
2941,20190107,런닝맨 : 풀룰루의 역습,7.75
2942,20190107,호두까기 인형과 4개의 왕국,7.4
2943,20190107,군산: 거위를 노래하다,6.99
2944,20190107,마약왕,6.66
2945,20190107,언니,6.6
2946,20190107,도어락,6.33
2947,20190107,PMC: 더 벙커,5.4
2948,20190108,보헤미안 랩소디,9.48
2949,20190108,폴란드로 간 아이들,9.42
2950,20190108,헌터 킬러,9.41
2951,20190108,스파이더맨: 뉴 유니버스,9.24
2952,20190108,러빙 빈센트,9.2
2953,20190108,점박이 한반도의 공룡2 : 새로운 낙원,9.17
2954,20190108,바울,9.17
2955,20190108,스타 이즈 본,9.15
2956,20190108,인생 후르츠,9.15
2957,20190108,타샤 튜더,9.14
2958,20190108,로마,9.11
2959,20190108,극장판 포켓몬스터 모두의 이야기,9.1
2960,20190108,어거스트 러쉬,9.0
2961,20190108,카메라를 멈추면 안 돼!,8.99
2962,20190108,주먹왕 랄프 2: 인터넷 속으로,8.8
2963,20190108,김광석,8.72
2964,20190108,극장판 짱구는 못말려: 아뵤! 쿵후 보이즈 ~라면 대란~,8.71
2965,20190108,브로크백 마운틴,8.68
2966,20190108,영주,8.6
2967,20190108,스윙키즈,8.51
2968,20190108,그랜드 부다페스트 호텔,8.38
2969,20190108,아쿠아맨,8.38
2970,20190108,그린치,8.37
2971,20190108,국가부도의 날,8.2
2972,20190108,범블비,8.16
2973,20190108,부탁 하나만 들어줘,7.89
2974,20190108,런닝맨 : 풀룰루의 역습,7.75
2975,20190108,호두까기 인형과 4개의 왕국,7.4
2976,20190108,군산: 거위를 노래하다,6.98
2977,20190108,마약왕,6.65
2978,20190108,언니,6.59
2979,20190108,도어락,6.32
2980,20190108,PMC: 더 벙커,5.37
2981,20190108,두 개의 문,5.15
2982,20190109,보헤미안 랩소디,9.48
2983,20190109,폴란드로 간 아이들,9.42
2984,20190109,헌터 킬러,9.41
2985,20190109,스파이더맨: 뉴 유니버스,9.24
2986,20190109,러빙 빈센트,9.2
2987,20190109,점박이 한반도의 공룡2 : 새로운 낙원,9.17
2988,20190109,바울,9.17
2989,20190109,스타 이즈 본,9.15
2990,20190109,타샤 튜더,9.14
2991,20190109,인생 후르츠,9.13
2992,20190109,로마,9.1
2993,20190109,극장판 포켓몬스터 모두의 이야기,9.1
2994,20190109,어거스트 러쉬,9.0
2995,20190109,카메라를 멈추면 안 돼!,9.0
2996,20190109,내안의 그놈,8.96
2997,20190109,말모이,8.82
2998,20190109,주먹왕 랄프 2: 인터넷 속으로,8.78
2999,20190109,김광석,8.72
3000,20190109,극장판 짱구는 못말려: 아뵤! 쿵후 보이즈 ~라면 대란~,8.69
3001,20190109,브로크백 마운틴,8.68
3002,20190109,영주,8.59
3003,20190109,스윙키즈,8.5
3004,20190109,그랜드 부다페스트 호텔,8.38
3005,20190109,아쿠아맨,8.38
3006,20190109,그린치,8.37
3007,20190109,국가부도의 날,8.19
3008,20190109,범블비,8.16
3009,20190109,부탁 하나만 들어줘,7.89
3010,20190109,호두까기 인형과 4개의 왕국,7.4
3011,20190109,군산: 거위를 노래하다,6.99
3012,20190109,마약왕,6.65
3013,20190109,언니,6.55
3014,20190109,도어락,6.32
3015,20190109,PMC: 더 벙커,5.36
3016,20190109,두 개의 문,5.15
3017,20190110,보헤미안 랩소디,9.48
3018,20190110,극장판 공룡메카드: 타이니소어의 섬,9.46
3019,20190110,폴란드로 간 아이들,9.42
3020,20190110,헌터 킬러,9.41
3021,20190110,스파이더맨: 뉴 유니버스,9.25
3022,20190110,러빙 빈센트,9.21
3023,20190110,점박이 한반도의 공룡2 : 새로운 낙원,9.17
3024,20190110,바울,9.17
3025,20190110,스타 이즈 본,9.15
3026,20190110,타샤 튜더,9.14
3027,20190110,인생 후르츠,9.13
3028,20190110,로마,9.1
3029,20190110,극장판 포켓몬스터 모두의 이야기,9.1
3030,20190110,내안의 그놈,9.09
3031,20190110,어거스트 러쉬,9.0
3032,20190110,카메라를 멈추면 안 돼!,8.99
3033,20190110,말모이,8.85
3034,20190110,주먹왕 랄프 2: 인터넷 속으로,8.78
3035,20190110,김광석,8.72
3036,20190110,브로크백 마운틴,8.68
3037,20190110,극장판 짱구는 못말려: 아뵤! 쿵후 보이즈 ~라면 대란~,8.66
3038,20190110,영주,8.56
3039,20190110,스윙키즈,8.5
3040,20190110,아쿠아맨,8.38
3041,20190110,그랜드 부다페스트 호텔,8.38
3042,20190110,그린치,8.36
3043,20190110,국가부도의 날,8.19
3044,20190110,범블비,8.16
3045,20190110,부탁 하나만 들어줘,7.88
3046,20190110,호두까기 인형과 4개의 왕국,7.4
3047,20190110,군산: 거위를 노래하다,6.99
3048,20190110,마약왕,6.64
3049,20190110,언니,6.57
3050,20190110,도어락,6.31
3051,20190110,PMC: 더 벙커,5.35
3052,20190110,두 개의 문,5.15
3053,20190111,그린 북,9.7
3054,20190111,보헤미안 랩소디,9.48
3055,20190111,폴란드로 간 아이들,9.42
3056,20190111,헌터 킬러,9.41
3057,20190111,극장판 공룡메카드: 타이니소어의 섬,9.34
3058,20190111,스파이더맨: 뉴 유니버스,9.25
3059,20190111,킹 오브 프리즘 프라이드 더 히어로,9.21
3060,20190111,러빙 빈센트,9.2
3061,20190111,점박이 한반도의 공룡2 : 새로운 낙원,9.18
3062,20190111,바울,9.17
3063,20190111,킹 오브 프리즘,9.17
3064,20190111,스타 이즈 본,9.15
3065,20190111,타샤 튜더,9.14
3066,20190111,인생 후르츠,9.14
3067,20190111,로마,9.1
3068,20190111,극장판 포켓몬스터 모두의 이야기,9.08
3069,20190111,어거스트 러쉬,9.0
3070,20190111,카메라를 멈추면 안 돼!,9.0
3071,20190111,내안의 그놈,8.98
3072,20190111,말모이,8.88
3073,20190111,주먹왕 랄프 2: 인터넷 속으로,8.78
3074,20190111,김광석,8.72
3075,20190111,브로크백 마운틴,8.68
3076,20190111,극장판 짱구는 못말려: 아뵤! 쿵후 보이즈 ~라면 대란~,8.64
3077,20190111,캐롤,8.54
3078,20190111,영주,8.52
3079,20190111,스윙키즈,8.5
3080,20190111,아쿠아맨,8.38
3081,20190111,그랜드 부다페스트 호텔,8.38
3082,20190111,그린치,8.36
3083,20190111,국가부도의 날,8.19
3084,20190111,범블비,8.16
3085,20190111,부탁 하나만 들어줘,7.88
3086,20190111,호두까기 인형과 4개의 왕국,7.4
3087,20190111,군산: 거위를 노래하다,6.99
3088,20190111,마약왕,6.61
3089,20190111,언니,6.58
3090,20190111,도어락,6.31
3091,20190111,PMC: 더 벙커,5.35
3092,20190111,두 개의 문,5.15
3093,20190112,그린 북,9.73
3094,20190112,보헤미안 랩소디,9.48
3095,20190112,폴란드로 간 아이들,9.43
3096,20190112,헌터 킬러,9.41
3097,20190112,극장판 공룡메카드: 타이니소어의 섬,9.26
3098,20190112,스파이더맨: 뉴 유니버스,9.25
3099,20190112,킹 오브 프리즘 프라이드 더 히어로,9.21
3100,20190112,러빙 빈센트,9.21
3101,20190112,점박이 한반도의 공룡2 : 새로운 낙원,9.18
3102,20190112,킹 오브 프리즘,9.17
3103,20190112,바울,9.17
3104,20190112,스타 이즈 본,9.15
3105,20190112,타샤 튜더,9.14
3106,20190112,인생 후르츠,9.13
3107,20190112,로마,9.1
3108,20190112,극장판 포켓몬스터 모두의 이야기,9.07
3109,20190112,말모이,9.0
3110,20190112,어거스트 러쉬,9.0
3111,20190112,카메라를 멈추면 안 돼!,9.0
3112,20190112,내안의 그놈,8.98
3113,20190112,주먹왕 랄프 2: 인터넷 속으로,8.77
3114,20190112,김광석,8.72
3115,20190112,브로크백 마운틴,8.68
3116,20190112,극장판 짱구는 못말려: 아뵤! 쿵후 보이즈 ~라면 대란~,8.62
3117,20190112,캐롤,8.54
3118,20190112,스윙키즈,8.5
3119,20190112,영주,8.49
3120,20190112,아쿠아맨,8.38
3121,20190112,그랜드 부다페스트 호텔,8.38
3122,20190112,그린치,8.36
3123,20190112,국가부도의 날,8.18
3124,20190112,범블비,8.16
3125,20190112,부탁 하나만 들어줘,7.88
3126,20190112,호두까기 인형과 4개의 왕국,7.4
3127,20190112,군산: 거위를 노래하다,6.99
3128,20190112,마약왕,6.58
3129,20190112,언니,6.58
3130,20190112,도어락,6.31
3131,20190112,PMC: 더 벙커,5.35
3132,20190112,두 개의 문,5.15
3133,20190113,그린 북,9.7
3134,20190113,보헤미안 랩소디,9.48
3135,20190113,폴란드로 간 아이들,9.42
3136,20190113,헌터 킬러,9.41
3137,20190113,스파이더맨: 뉴 유니버스,9.25
3138,20190113,극장판 공룡메카드: 타이니소어의 섬,9.22
3139,20190113,킹 오브 프리즘 프라이드 더 히어로,9.21
3140,20190113,러빙 빈센트,9.2
3141,20190113,점박이 한반도의 공룡2 : 새로운 낙원,9.18
3142,20190113,바울,9.17
3143,20190113,킹 오브 프리즘,9.16
3144,20190113,스타 이즈 본,9.15
3145,20190113,인생 후르츠,9.15
3146,20190113,타샤 튜더,9.14
3147,20190113,로마,9.1
3148,20190113,극장판 포켓몬스터 모두의 이야기,9.06
3149,20190113,말모이,9.05
3150,20190113,카메라를 멈추면 안 돼!,9.0
3151,20190113,어거스트 러쉬,9.0
3152,20190113,내안의 그놈,8.96
3153,20190113,주먹왕 랄프 2: 인터넷 속으로,8.77
3154,20190113,김광석,8.72
3155,20190113,브로크백 마운틴,8.68
3156,20190113,극장판 짱구는 못말려: 아뵤! 쿵후 보이즈 ~라면 대란~,8.6
3157,20190113,캐롤,8.54
3158,20190113,스윙키즈,8.5
3159,20190113,영주,8.45
3160,20190113,아쿠아맨,8.38
3161,20190113,그랜드 부다페스트 호텔,8.38
3162,20190113,그린치,8.36
3163,20190113,국가부도의 날,8.18
3164,20190113,범블비,8.17
3165,20190113,부탁 하나만 들어줘,7.88
3166,20190113,호두까기 인형과 4개의 왕국,7.39
3167,20190113,군산: 거위를 노래하다,6.96
3168,20190113,언니,6.58
3169,20190113,마약왕,6.56
3170,20190113,도어락,6.3
3171,20190113,PMC: 더 벙커,5.34
3172,20190114,그린 북,9.7
3173,20190114,보헤미안 랩소디,9.48
3174,20190114,폴란드로 간 아이들,9.42
3175,20190114,헌터 킬러,9.41
3176,20190114,스파이더맨: 뉴 유니버스,9.25
3177,20190114,킹 오브 프리즘 프라이드 더 히어로,9.21
3178,20190114,러빙 빈센트,9.2
3179,20190114,극장판 공룡메카드: 타이니소어의 섬,9.19
3180,20190114,점박이 한반도의 공룡2 : 새로운 낙원,9.18
3181,20190114,바울,9.17
3182,20190114,킹 오브 프리즘,9.16
3183,20190114,스타 이즈 본,9.15
3184,20190114,인생 후르츠,9.14
3185,20190114,타샤 튜더,9.14
3186,20190114,로마,9.09
3187,20190114,극장판 포켓몬스터 모두의 이야기,9.06
3188,20190114,말모이,9.04
3189,20190114,비긴 어게인,9.02
3190,20190114,카메라를 멈추면 안 돼!,9.0
3191,20190114,내안의 그놈,8.92
3192,20190114,소공녀,8.87
3193,20190114,주먹왕 랄프 2: 인터넷 속으로,8.76
3194,20190114,김광석,8.72
3195,20190114,브로크백 마운틴,8.68
3196,20190114,라라랜드,8.59
3197,20190114,극장판 짱구는 못말려: 아뵤! 쿵후 보이즈 ~라면 대란~,8.59
3198,20190114,캐롤,8.54
3199,20190114,스윙키즈,8.5
3200,20190114,영주,8.46
3201,20190114,티파니에서 아침을,8.4
3202,20190114,아쿠아맨,8.38
3203,20190114,그랜드 부다페스트 호텔,8.38
3204,20190114,그린치,8.35
3205,20190114,국가부도의 날,8.18
3206,20190114,범블비,8.17
3207,20190114,부탁 하나만 들어줘,7.89
3208,20190114,호두까기 인형과 4개의 왕국,7.39
3209,20190114,군산: 거위를 노래하다,6.96
3210,20190114,언니,6.57
3211,20190114,마약왕,6.55
3212,20190114,도어락,6.3
3213,20190114,PMC: 더 벙커,5.34
3214,20190115,그린 북,9.68
3215,20190115,보헤미안 랩소디,9.48
3216,20190115,폴란드로 간 아이들,9.42
3217,20190115,헌터 킬러,9.4
3218,20190115,스파이더맨: 뉴 유니버스,9.26
3219,20190115,러빙 빈센트,9.2
3220,20190115,극장판 공룡메카드: 타이니소어의 섬,9.19
3221,20190115,점박이 한반도의 공룡2 : 새로운 낙원,9.17
3222,20190115,바울,9.17
3223,20190115,스타 이즈 본,9.15
3224,20190115,인생 후르츠,9.14
3225,20190115,타샤 튜더,9.14
3226,20190115,로마,9.1
3227,20190115,극장판 포켓몬스터 모두의 이야기,9.05
3228,20190115,말모이,9.04
3229,20190115,카메라를 멈추면 안 돼!,9.0
3230,20190115,어거스트 러쉬,9.0
3231,20190115,내안의 그놈,8.87
3232,20190115,소공녀,8.87
3233,20190115,주먹왕 랄프 2: 인터넷 속으로,8.77
3234,20190115,김광석,8.72
3235,20190115,브로크백 마운틴,8.68
3236,20190115,악마는 프라다를 입는다,8.66
3237,20190115,라라랜드,8.59
3238,20190115,극장판 짱구는 못말려: 아뵤! 쿵후 보이즈 ~라면 대란~,8.55
3239,20190115,캐롤,8.54
3240,20190115,스윙키즈,8.5
3241,20190115,영주,8.45
3242,20190115,티파니에서 아침을,8.4
3243,20190115,아쿠아맨,8.38
3244,20190115,그랜드 부다페스트 호텔,8.38
3245,20190115,그린치,8.35
3246,20190115,국가부도의 날,8.18
3247,20190115,범블비,8.17
3248,20190115,죄 많은 소녀,8.06
3249,20190115,부탁 하나만 들어줘,7.89
3250,20190115,호두까기 인형과 4개의 왕국,7.4
3251,20190115,군산: 거위를 노래하다,6.96
3252,20190115,마약왕,6.54
3253,20190115,언니,6.35
3254,20190115,도어락,6.28
3255,20190115,PMC: 더 벙커,5.34
3256,20190116,그린 북,9.66
3257,20190116,보헤미안 랩소디,9.48
3258,20190116,폴란드로 간 아이들,9.42
3259,20190116,헌터 킬러,9.4
3260,20190116,스파이더맨: 뉴 유니버스,9.26
3261,20190116,러빙 빈센트,9.2
3262,20190116,극장판 공룡메카드: 타이니소어의 섬,9.18
3263,20190116,점박이 한반도의 공룡2 : 새로운 낙원,9.18
3264,20190116,바울,9.17
3265,20190116,스타 이즈 본,9.15
3266,20190116,인생 후르츠,9.14
3267,20190116,타샤 튜더,9.14
3268,20190116,로마,9.1
3269,20190116,말모이,9.04
3270,20190116,극장판 포켓몬스터 모두의 이야기,9.04
3271,20190116,어거스트 러쉬,9.0
3272,20190116,카메라를 멈추면 안 돼!,8.99
3273,20190116,소공녀,8.87
3274,20190116,내안의 그놈,8.85
3275,20190116,주먹왕 랄프 2: 인터넷 속으로,8.77
3276,20190116,김광석,8.72
3277,20190116,악마는 프라다를 입는다,8.66
3278,20190116,라라랜드,8.59
3279,20190116,극장판 짱구는 못말려: 아뵤! 쿵후 보이즈 ~라면 대란~,8.52
3280,20190116,스윙키즈,8.5
3281,20190116,영주,8.45
3282,20190116,티파니에서 아침을,8.4
3283,20190116,아쿠아맨,8.38
3284,20190116,그랜드 부다페스트 호텔,8.38
3285,20190116,그린치,8.36
3286,20190116,국가부도의 날,8.18
3287,20190116,범블비,8.17
3288,20190116,죄 많은 소녀,8.06
3289,20190116,부탁 하나만 들어줘,7.88
3290,20190116,군산: 거위를 노래하다,6.96
3291,20190116,마약왕,6.53
3292,20190116,도어락,6.28
3293,20190116,언니,6.12
3294,20190116,PMC: 더 벙커,5.33
3295,20190117,그린 북,9.66
3296,20190117,언더독,9.56
3297,20190117,보헤미안 랩소디,9.47
3298,20190117,폴란드로 간 아이들,9.43
3299,20190117,헌터 킬러,9.4
3300,20190117,스파이더맨: 뉴 유니버스,9.26
3301,20190117,러빙 빈센트,9.2
3302,20190117,극장판 공룡메카드: 타이니소어의 섬,9.18
3303,20190117,점박이 한반도의 공룡2 : 새로운 낙원,9.18
3304,20190117,바울,9.17
3305,20190117,스타 이즈 본,9.15
3306,20190117,인생 후르츠,9.15
3307,20190117,타샤 튜더,9.14
3308,20190117,로마,9.1
3309,20190117,극장판 포켓몬스터 모두의 이야기,9.04
3310,20190117,말모이,9.04
3311,20190117,어거스트 러쉬,9.0
3312,20190117,디어 헌터,8.89
3313,20190117,소공녀,8.87
3314,20190117,내안의 그놈,8.81
3315,20190117,주먹왕 랄프 2: 인터넷 속으로,8.76
3316,20190117,악마는 프라다를 입는다,8.66
3317,20190117,라라랜드,8.59
3318,20190117,스윙키즈,8.5
3319,20190117,극장판 짱구는 못말려: 아뵤! 쿵후 보이즈 ~라면 대란~,8.48
3320,20190117,영주,8.43
3321,20190117,티파니에서 아침을,8.4
3322,20190117,아쿠아맨,8.38
3323,20190117,그랜드 부다페스트 호텔,8.38
3324,20190117,그린치,8.36
3325,20190117,국가부도의 날,8.18
3326,20190117,범블비,8.17
3327,20190117,죄 많은 소녀,8.06
3328,20190117,글래스,7.91
3329,20190117,부탁 하나만 들어줘,7.87
3330,20190117,군산: 거위를 노래하다,6.97
3331,20190117,마약왕,6.52
3332,20190117,도어락,6.28
3333,20190117,언니,6.02
3334,20190117,PMC: 더 벙커,5.32
3335,20190118,그린 북,9.67
3336,20190118,언더독,9.53
3337,20190118,보헤미안 랩소디,9.47
3338,20190118,폴란드로 간 아이들,9.43
3339,20190118,헌터 킬러,9.4
3340,20190118,스파이더맨: 뉴 유니버스,9.26
3341,20190118,러빙 빈센트,9.21
3342,20190118,극장판 공룡메카드: 타이니소어의 섬,9.19
3343,20190118,점박이 한반도의 공룡2 : 새로운 낙원,9.18
3344,20190118,바울,9.17
3345,20190118,인생 후르츠,9.15
3346,20190118,스타 이즈 본,9.15
3347,20190118,타샤 튜더,9.14
3348,20190118,로마,9.1
3349,20190118,극장판 포켓몬스터 모두의 이야기,9.03
3350,20190118,말모이,9.02
3351,20190118,어거스트 러쉬,9.0
3352,20190118,디어 헌터,8.89
3353,20190118,소공녀,8.87
3354,20190118,내안의 그놈,8.79
3355,20190118,주먹왕 랄프 2: 인터넷 속으로,8.76
3356,20190118,라라랜드,8.59
3357,20190118,스윙키즈,8.48
3358,20190118,극장판 짱구는 못말려: 아뵤! 쿵후 보이즈 ~라면 대란~,8.45
3359,20190118,영주,8.44
3360,20190118,티파니에서 아침을,8.4
3361,20190118,아쿠아맨,8.38
3362,20190118,그랜드 부다페스트 호텔,8.38
3363,20190118,그린치,8.36
3364,20190118,범블비,8.18
3365,20190118,국가부도의 날,8.18
3366,20190118,죄 많은 소녀,8.06
3367,20190118,글래스,7.96
3368,20190118,부탁 하나만 들어줘,7.86
3369,20190118,군산: 거위를 노래하다,6.96
3370,20190118,마약왕,6.52
3371,20190118,도어락,6.27
3372,20190118,미래의 미라이,6.04
3373,20190118,언니,5.95
3374,20190118,PMC: 더 벙커,5.32
3375,20190119,그린 북,9.67
3376,20190119,언더독,9.52
3377,20190119,보헤미안 랩소디,9.47
3378,20190119,폴란드로 간 아이들,9.43
3379,20190119,헌터 킬러,9.4
3380,20190119,스파이더맨: 뉴 유니버스,9.26
3381,20190119,러빙 빈센트,9.21
3382,20190119,극장판 공룡메카드: 타이니소어의 섬,9.19
3383,20190119,점박이 한반도의 공룡2 : 새로운 낙원,9.18
3384,20190119,바울,9.17
3385,20190119,스타 이즈 본,9.15
3386,20190119,타샤 튜더,9.14
3387,20190119,인생 후르츠,9.14
3388,20190119,로마,9.1
3389,20190119,극장판 포켓몬스터 모두의 이야기,9.03
3390,20190119,말모이,9.03
3391,20190119,어거스트 러쉬,9.0
3392,20190119,디어 헌터,8.89
3393,20190119,소공녀,8.87
3394,20190119,내안의 그놈,8.78
3395,20190119,주먹왕 랄프 2: 인터넷 속으로,8.76
3396,20190119,극장판 짱구는 못말려: 아뵤! 쿵후 보이즈 ~라면 대란~,8.46
3397,20190119,스윙키즈,8.45
3398,20190119,영주,8.44
3399,20190119,티파니에서 아침을,8.4
3400,20190119,아쿠아맨,8.38
3401,20190119,그랜드 부다페스트 호텔,8.38
3402,20190119,그린치,8.36
3403,20190119,국가부도의 날,8.18
3404,20190119,범블비,8.17
3405,20190119,죄 많은 소녀,8.06
3406,20190119,그대 이름은 장미,7.94
3407,20190119,글래스,7.93
3408,20190119,부탁 하나만 들어줘,7.86
3409,20190119,군산: 거위를 노래하다,6.95
3410,20190119,마약왕,6.51
3411,20190119,도어락,6.27
3412,20190119,미래의 미라이,6.1
3413,20190119,언니,5.9
3414,20190119,PMC: 더 벙커,5.32
3415,20190120,그린 북,9.67
3416,20190120,보헤미안 랩소디,9.47
3417,20190120,언더독,9.46
3418,20190120,폴란드로 간 아이들,9.43
3419,20190120,헌터 킬러,9.39
3420,20190120,스파이더맨: 뉴 유니버스,9.26
3421,20190120,러빙 빈센트,9.21
3422,20190120,극장판 공룡메카드: 타이니소어의 섬,9.18
3423,20190120,바울,9.17
3424,20190120,점박이 한반도의 공룡2 : 새로운 낙원,9.17
3425,20190120,스타 이즈 본,9.15
3426,20190120,인생 후르츠,9.14
3427,20190120,로마,9.1
3428,20190120,말모이,9.05
3429,20190120,극장판 포켓몬스터 모두의 이야기,9.03
3430,20190120,디어 헌터,8.89
3431,20190120,소공녀,8.87
3432,20190120,주먹왕 랄프 2: 인터넷 속으로,8.76
3433,20190120,내안의 그놈,8.76
3434,20190120,극장판 짱구는 못말려: 아뵤! 쿵후 보이즈 ~라면 대란~,8.45
3435,20190120,스윙키즈,8.44
3436,20190120,영주,8.44
3437,20190120,아쿠아맨,8.38
3438,20190120,그랜드 부다페스트 호텔,8.38
3439,20190120,그린치,8.36
3440,20190120,국가부도의 날,8.17
3441,20190120,범블비,8.16
3442,20190120,죄 많은 소녀,8.06
3443,20190120,그대 이름은 장미,7.99
3444,20190120,부탁 하나만 들어줘,7.85
3445,20190120,글래스,7.75
3446,20190120,군산: 거위를 노래하다,6.95
3447,20190120,마약왕,6.51
3448,20190120,도어락,6.26
3449,20190120,미래의 미라이,6.12
3450,20190120,언니,5.82
3451,20190120,PMC: 더 벙커,5.32
3452,20190121,그린 북,9.67
3453,20190121,언더독,9.48
3454,20190121,보헤미안 랩소디,9.46
3455,20190121,폴란드로 간 아이들,9.43
3456,20190121,헌터 킬러,9.4
3457,20190121,스파이더맨: 뉴 유니버스,9.26
3458,20190121,러빙 빈센트,9.21
3459,20190121,극장판 공룡메카드: 타이니소어의 섬,9.19
3460,20190121,바울,9.17
3461,20190121,점박이 한반도의 공룡2 : 새로운 낙원,9.17
3462,20190121,스타 이즈 본,9.15
3463,20190121,인생 후르츠,9.14
3464,20190121,로마,9.1
3465,20190121,말모이,9.04
3466,20190121,극장판 포켓몬스터 모두의 이야기,9.04
3467,20190121,소공녀,8.87
3468,20190121,주먹왕 랄프 2: 인터넷 속으로,8.77
3469,20190121,내안의 그놈,8.74
3470,20190121,극장판 짱구는 못말려: 아뵤! 쿵후 보이즈 ~라면 대란~,8.46
3471,20190121,영주,8.43
3472,20190121,스윙키즈,8.43
3473,20190121,아쿠아맨,8.39
3474,20190121,그린치,8.36
3475,20190121,국가부도의 날,8.17
3476,20190121,범블비,8.14
3477,20190121,죄 많은 소녀,8.07
3478,20190121,그대 이름은 장미,7.9
3479,20190121,부탁 하나만 들어줘,7.85
3480,20190121,글래스,7.71
3481,20190121,군산: 거위를 노래하다,6.91
3482,20190121,마약왕,6.5
3483,20190121,도어락,6.26
3484,20190121,미래의 미라이,6.12
3485,20190121,언니,5.8
3486,20190121,PMC: 더 벙커,5.32
3487,20190122,그린 북,9.67
3488,20190122,언더독,9.49
3489,20190122,보헤미안 랩소디,9.46
3490,20190122,폴란드로 간 아이들,9.43
3491,20190122,헌터 킬러,9.39
3492,20190122,스파이더맨: 뉴 유니버스,9.26
3493,20190122,어느 가족,9.23
3494,20190122,러빙 빈센트,9.21
3495,20190122,극장판 공룡메카드: 타이니소어의 섬,9.18
3496,20190122,바울,9.17
3497,20190122,점박이 한반도의 공룡2 : 새로운 낙원,9.17
3498,20190122,스타 이즈 본,9.15
3499,20190122,인생 후르츠,9.14
3500,20190122,로마,9.1
3501,20190122,극장판 포켓몬스터 모두의 이야기,9.04
3502,20190122,말모이,9.04
3503,20190122,소공녀,8.87
3504,20190122,주먹왕 랄프 2: 인터넷 속으로,8.77
3505,20190122,내안의 그놈,8.73
3506,20190122,극장판 짱구는 못말려: 아뵤! 쿵후 보이즈 ~라면 대란~,8.45
3507,20190122,영주,8.44
3508,20190122,스윙키즈,8.43
3509,20190122,아쿠아맨,8.39
3510,20190122,국가부도의 날,8.17
3511,20190122,범블비,8.13
3512,20190122,B급 며느리,8.12
3513,20190122,죄 많은 소녀,8.07
3514,20190122,그대 이름은 장미,7.92
3515,20190122,부탁 하나만 들어줘,7.85
3516,20190122,글래스,7.68
3517,20190122,마약왕,6.5
3518,20190122,도어락,6.25
3519,20190122,미래의 미라이,6.12
3520,20190122,언니,5.76
3521,20190122,PMC: 더 벙커,5.32
3522,20190122,혈투,5.25
3523,20190123,그린 북,9.67
3524,20190123,언더독,9.49
3525,20190123,보헤미안 랩소디,9.46
3526,20190123,폴란드로 간 아이들,9.43
3527,20190123,헌터 킬러,9.39
3528,20190123,스파이더맨: 뉴 유니버스,9.26
3529,20190123,어느 가족,9.23
3530,20190123,러빙 빈센트,9.21
3531,20190123,라디오 스타,9.19
3532,20190123,극장판 공룡메카드: 타이니소어의 섬,9.18
3533,20190123,바울,9.18
3534,20190123,점박이 한반도의 공룡2 : 새로운 낙원,9.17
3535,20190123,스타 이즈 본,9.15
3536,20190123,인생 후르츠,9.13
3537,20190123,미쓰백,9.11
3538,20190123,로마,9.11
3539,20190123,극장판 포켓몬스터 모두의 이야기,9.04
3540,20190123,말모이,9.04
3541,20190123,왕의 남자,9.03
3542,20190123,극한직업,8.92
3543,20190123,서치,8.9
3544,20190123,주먹왕 랄프 2: 인터넷 속으로,8.76
3545,20190123,내안의 그놈,8.71
3546,20190123,영주,8.44
3547,20190123,스윙키즈,8.42
3548,20190123,아쿠아맨,8.39
3549,20190123,국가부도의 날,8.17
3550,20190123,범블비,8.13
3551,20190123,B급 며느리,8.12
3552,20190123,박열,8.09
3553,20190123,죄 많은 소녀,8.05
3554,20190123,그대 이름은 장미,7.91
3555,20190123,부탁 하나만 들어줘,7.85
3556,20190123,사울의 아들,7.83
3557,20190123,글래스,7.68
3558,20190123,군산: 거위를 노래하다,6.9
3559,20190123,마약왕,6.5
3560,20190123,도어락,6.25
3561,20190123,미래의 미라이,6.1
3562,20190123,언니,5.76
3563,20190123,PMC: 더 벙커,5.32
3564,20190123,혈투,5.25
3565,20190124,그린 북,9.66
3566,20190124,언더독,9.48
3567,20190124,보헤미안 랩소디,9.46
3568,20190124,폴란드로 간 아이들,9.41
3569,20190124,쉰들러 리스트,9.34
3570,20190124,스파이더맨: 뉴 유니버스,9.26
3571,20190124,어느 가족,9.23
3572,20190124,러빙 빈센트,9.21
3573,20190124,라디오 스타,9.19
3574,20190124,바울,9.18
3575,20190124,극장판 공룡메카드: 타이니소어의 섬,9.17
3576,20190124,점박이 한반도의 공룡2 : 새로운 낙원,9.17
3577,20190124,스타 이즈 본,9.15
3578,20190124,인생 후르츠,9.15
3579,20190124,로마,9.11
3580,20190124,미쓰백,9.11
3581,20190124,말모이,9.04
3582,20190124,극장판 포켓몬스터 모두의 이야기,9.04
3583,20190124,왕의 남자,9.03
3584,20190124,극한직업,8.99
3585,20190124,주먹왕 랄프 2: 인터넷 속으로,8.77
3586,20190124,내안의 그놈,8.69
3587,20190124,영주,8.43
3588,20190124,스윙키즈,8.42
3589,20190124,아쿠아맨,8.39
3590,20190124,국가부도의 날,8.17
3591,20190124,B급 며느리,8.12
3592,20190124,범블비,8.12
3593,20190124,박열,8.09
3594,20190124,죄 많은 소녀,8.05
3595,20190124,그대 이름은 장미,7.88
3596,20190124,사울의 아들,7.83
3597,20190124,글래스,7.7
3598,20190124,군산: 거위를 노래하다,6.9
3599,20190124,마약왕,6.5
3600,20190124,도어락,6.25
3601,20190124,미래의 미라이,6.11
3602,20190124,언니,5.74
3603,20190124,PMC: 더 벙커,5.3
3604,20190124,혈투,5.25
3605,20190125,그린 북,9.66
3606,20190125,언더독,9.48
3607,20190125,보헤미안 랩소디,9.46
3608,20190125,폴란드로 간 아이들,9.41
3609,20190125,쉰들러 리스트,9.34
3610,20190125,스파이더맨: 뉴 유니버스,9.26
3611,20190125,어느 가족,9.23
3612,20190125,러빙 빈센트,9.21
3613,20190125,라디오 스타,9.19
3614,20190125,바울,9.18
3615,20190125,극장판 공룡메카드: 타이니소어의 섬,9.17
3616,20190125,점박이 한반도의 공룡2 : 새로운 낙원,9.17
3617,20190125,스타 이즈 본,9.15
3618,20190125,인생 후르츠,9.15
3619,20190125,로마,9.11
3620,20190125,미쓰백,9.11
3621,20190125,말모이,9.04
3622,20190125,극장판 포켓몬스터 모두의 이야기,9.04
3623,20190125,왕의 남자,9.03
3624,20190125,극한직업,8.99
3625,20190125,주먹왕 랄프 2: 인터넷 속으로,8.77
3626,20190125,내안의 그놈,8.69
3627,20190125,영주,8.43
3628,20190125,스윙키즈,8.42
3629,20190125,아쿠아맨,8.39
3630,20190125,국가부도의 날,8.17
3631,20190125,B급 며느리,8.12
3632,20190125,범블비,8.12
3633,20190125,박열,8.09
3634,20190125,죄 많은 소녀,8.05
3635,20190125,그대 이름은 장미,7.88
3636,20190125,사울의 아들,7.83
3637,20190125,글래스,7.7
3638,20190125,군산: 거위를 노래하다,6.9
3639,20190125,마약왕,6.5
3640,20190125,도어락,6.25
3641,20190125,미래의 미라이,6.11
3642,20190125,언니,5.74
3643,20190125,PMC: 더 벙커,5.3
3644,20190125,혈투,5.25
